character_id,name,movie_id,gender,age
0,BIANCA,0,F,4
1,BRUCE,0,,
2,CAMERON,0,M,3
3,CHASTITY,0,,
4,JOEY,0,M,6
5,KAT,0,F,2
6,MANDELLA,0,F,7
7,MICHAEL,0,M,5
8,MISS PERKY,0,,
9,PATRICK,0,M,1
10,SHARON,0,,
11,WALTER,0,M,9
49,B20,3,,
50,BOWMAN,3,M,1
51,C12,3,,
52,CHILD,3,,
53,CO-PILOT,3,,
54,ELENA,3,,
55,FLOYD,3,,
56,HAL,3,M,7
57,MICHAELS,3,,
58,MILLER,3,,
59,PILOT,3,,
60,POOLE,3,M,2
61,SMYSLOV,3,,
78,CORNELIUS,5,M,3
79,DAVID,5,,
80,DIVA,5,,
81,FINGER,5,,
82,GIRL,5,,
83,KOMMANDER,5,,
84,KORBEN,5,M,1
85,LEELOO,5,F,4
86,LOC RHOD,5,,
87,MACTILBURGH,5,,
88,MOTHER,5,,
89,MUGGER,5,,
90,MUNRO,5,,
91,PRESIDENT,5,,
92,PRIEST,5,,
93,PROFESSOR,5,,
94,SECRETARY,5,,
95,SHADOW,5,,
96,STAEDERT,5,,
97,THAI,5,,
98,VOICE,5,,
99,ZORG,5,,
100,AMY,6,F,7
101,ANGRY DEALER,6,,
102,DINO,6,,
103,DINO VELVET,6,M,4
104,DIRECTOR,6,,
105,EDDIE,6,M,3
106,LONGDALE,6,M,5
107,MALE VOICE,6,,
108,MAX,6,M,2
109,MRS CHRISTIAN,6,M,
110,MRS MATHEWS,6,M,
111,NUN,6,,
112,POLITICIAN,6,,
113,SALESPERSON,6,,
114,WELLES,6,M,1
155,ALICE,11,,
156,CERALLOS,11,,
157,CHIEF MECHANIC,11,,
158,COL. CARLTON,11,,
159,DEAN,11,,
160,DOHERTY,11,,
161,GENERAL NORTHWOOD,11,,
162,GIBBS,11,,
163,IRAQI SOLDIER,11,,
164,KC-135 PILOT,11,,
165,KC-LO PILOT,11,,
166,KORSHUNOV,11,,
167,LEE,11,,
168,MAJOR CALDWELL,11,,
169,MARSHALL,11,M,1
170,MITCHELL,11,,
171,ROSE,11,,
172,SECRET SERVICE AGENT,11,,
173,SECRETARY,11,,
174,SHEPHERD,11,M,6
175,SWITCHBOARD,11,,
176,TOWER,11,,
177,V.P. CHANDLER,11,,
195,BERNICE,13,,
196,CAREY,13,,
197,DR. RUMACK,13,,
198,ELAINE,13,F,4
199,GIRL,13,,
200,GUNDERSON,13,,
201,JACK,13,,
202,JOEY,13,,
203,KRAMER,13,,
204,LISA,13,,
205,MILTON,13,,
206,MRS. HAMMEN,13,,
207,MRS. KRAMER,13,,
208,MURDOCK,13,,
209,OVEUR,13,,
210,RANDY,13,,
211,SHIRLEY,13,,
212,SISTER ANGELINA,13,,
213,SOLDIER,13,,
214,STRIKER,13,M,5
228,APONE,15,,
229,BISHOP,15,M,4
230,BURKE,15,M,5
231,GORMAN,15,,
232,HICKS,15,M,3
233,HUDSON,15,,
234,LYDECKER,15,,
235,MED-TECH,15,,
236,NEWT,15,F,2
237,RIPLEY,15,F,1
238,SIMPSON,15,,
239,VAN LEUWEN,15,,
240,VASQUEZ,15,,
241,ALLEGRO,16,,
242,ANDANTE,16,,
243,ARCO,16,,
244,CAVALIERI,16,F,6
245,COLLOREDO,16,,
246,COMMENDATORE,16,,
247,CONSTANZE,16,F,3
248,FIRST LADY,16,,
249,FLUNKY,16,,
250,FRAU SCHLUMBERG,16,,
251,JOSEPH,16,M,7
252,LEOPOLD,16,M,5
253,LORL,16,F,22
254,MADAME WEBER,16,,
255,MOZART,16,M,2
256,OFFICER,16,,
257,OLD SALIERI,16,M,
258,ORSINI-ROSENBERG,16,,
259,PAPAGENO,16,,
260,SALIERI,16,M,1
261,SCHIKANEDER,16,M,4
262,SCHLUMBERG,16,,
263,SECOND LADY,16,,
264,SERVANT,16,,
265,UGLY OLD WOMAN,16,,
266,VOGLER,16,M,16
267,VON STRACK,16,,
268,VON SWIETEN,16,,
327,BATEMAN,20,M,1
328,CARNES,20,,
329,CARRUTHERS,20,,
330,CHRISTIE,20,,
331,COURTNEY,20,F,7
332,DAISY,20,,
333,ELIZABETH,20,F,12
334,EVELYN,20,F,6
335,HOMELESS MAN,20,M,
336,JEAN,20,F,5
337,KIMBALL,20,M,10
338,MAITRE D',20,,
339,MRS. WOLFE,20,,
340,OWEN,20,,
341,PRICE,20,,
342,VAN PATTEN,20,,
343,VICTORIA,20,,
360,ALOTTA,22,F,7
361,ANDY WARHOL,22,,
362,AUSTIN,22,M,1
363,BASIL EXPOSITION,22,M,3
364,CLERK,22,,
365,COMMANDER GILMOUR,22,,
366,DESTRUCTACON,22,,
367,DR. EVIL,22,M,1
368,FRAU FARBISSINA,22,,
369,GUARD,22,,
370,MICK JAGGER,22,,
371,MRS. KENSINGTON,22,,
372,MUSTAFA,22,,
373,NUMBER TWO,22,,
374,RADAR OPERATOR,22,,
375,SCOTT EVIL,22,M,6
376,THERAPIST,22,,
377,VANESSA,22,F,2
454,ARMED GENTLEMAN,28,,
455,CAPTAIN BEST,28,,
456,CAPTAIN GALGENSTEIN,28,M,
457,CAPTAIN GROGAN,28,M,13
458,CAPTAIN O'REILLY,28,,
459,CHEVALIER,28,M,3
460,COUNT,28,,
461,COUNTESS,28,F,
462,DOROTHY,28,,
463,HARRY,28,,
464,HENRI,28,,
465,LORD WEST,28,,
466,MICHAEL,28,,
467,MINISTER GALGENSTEIN,28,,
468,MRS. O'REILLY,28,,
469,NEWCOMBE,28,,
470,PATRICK,28,,
471,PRINCE,28,,
472,PRUSSIAN OFFICER,28,,
473,RODERICK,28,M,
474,SIR WILLIAM,28,,
475,VALDEZ,28,,
488,AMOS,30,M,16
489,BEAMEN,30,,
490,DON PRICE,30,,
491,DR. BENNETT,30,,
492,EDWARD,30,M,
493,JENNY,30,F,5
494,JOSEPHINE,30,F,8
495,KARL,30,,
496,NORTHER WINSLOW,30,,
497,SANDRA,30,F,4
498,WILL,30,M,3
529,BATTY,34,M,2
530,BRYANT,34,,
531,CHEW,34,,
532,DECKARD,34,M,1
533,DECKARD'S VOICE,34,,
534,ESPER,34,,
535,GAFF,34,,
536,HOLDEN,34,,
537,LEON,34,,
538,MARY,34,,
539,PRIS,34,F,6
540,RACHAEL,34,F,3
541,SALOME,34,,
542,SEBASTIAN,34,M,7
543,TAFFEY,34,,
544,TYRELL,34,,
545,VOICE,34,,
546,WHEELER,34,,
568,AUNT BARBARA,36,,
569,BEN,36,,
570,DETECTIVE WILLIAMS,36,M,7
571,DOROTHY,36,F,1
572,F.B.I. MAN,36,,
573,FRANK,36,,
574,JEFFREY,36,M,2
575,MIKE,36,,
576,MR. BEAUMONT,36,,
577,MRS. BEAUMONT,36,,
578,MRS. WILLIAMS,36,,
579,RAYMOND,36,,
580,SANDY,36,F,4
581,YELLOW MAN,36,,
582,AUGUSTUS,37,,
583,BOTH,37,,
584,CHAFFEY,37,,
585,CONNOR,37,M,2
586,DOC,37,,
587,DOLLY,37,,
588,DONNA,37,,
589,DUFFY,37,M,7
590,GREENLY,37,,
591,MOM,37,,
592,MURPHY,37,M,3
593,PRIEST,37,M,39
594,ROCCO,37,M,4
595,ROZ,37,,
596,SMECKER,37,M,1
597,VINCENZO,37,,
598,YAKAVETTA,37,,
612,ABBOTT,39,M,3
613,BOURNE,39,M,1
614,CRONIN,39,,
615,GRETKOV,39,,
616,IRENA,39,F,15
617,IVAN,39,,
618,JARDA,39,,
619,MARIE,39,F,2
620,MARSHALL,39,,
621,NEVINS/PHONE,39,,
622,NICKY,39,F,4
623,PAMELA,39,F,7
624,PAMELA/PHONE,39,,
625,TEDDY,39,,
626,VIC,39,,
627,ZORN,39,,
628,ARGYLE,40,,
629,CRAIG,40,,
630,EDWARD,40,,
631,HAMISH,40,,
632,LEADER,40,,
633,LEPER,40,,
634,LONGSHANKS,40,,
635,MAGISTRATE,40,,
636,MARION,40,F,
637,NICOLETTE,40,,
638,PRINCESS,40,F,14
639,ROBERT,40,,
640,STEPHEN,40,,
641,WALLACE,40,M,1
642,WILLIAM,40,M,1
643,ANDREA,41,F,2
644,CARLOS,41,,
645,DR. REDFIELD,41,M,17
646,EVAN,41,M,1
647,HEIDI,41,,
648,HUNTER,41,,
649,JASON,41,,
650,KAYLEIGH,41,F,3
651,LENNY,41,,
652,MR. MILLER,41,,
653,MRS. BOSWELL,41,,
654,PROFESSOR CARTER,41,,
655,THUMPER,41,,
656,TOMMY,41,,
657,WAITRESS,41,,
658,ANNINA,42,F,11
659,BERGER,42,,
660,CARL,42,,
661,EMIL,42,,
662,EUROPEAN,42,,
663,FERRARI,42,M,6
664,ILSA,42,F,2
665,LASZLO,42,M,3
666,RENAULT,42,M,4
667,RICK,42,M,1
668,SAM,42,M,10
669,STRASSER,42,M,5
670,TOURIST,42,,
671,UGARTE,42,M,7
672,YVONNE,42,,
673,ALEKSEI,43,,
674,BADCHUCK,43,M,
675,BETTINA,43,,
676,CHUCK,43,M,8
677,CHUCK/CAPTAIN,43,,
678,DOCTOR,43,,
679,DRIVER,43,,
680,ERICA,43,,
681,GOODCHUCK,43,M,
682,KELLY,43,F,16
683,LESLIE,43,,
684,MOM,43,,
685,ROGER,43,,
686,STAN,43,M,14
687,TECHNICIAN,43,,
688,VOICE,43,,
689,ANGELA,44,F,7
690,BUSTER,44,M,9
691,CANDY,44,F,2
692,CURLY,44,,
693,EDNA,44,,
694,FUZZY,44,,
695,HOMER,44,M,1
696,JACK,44,,
697,LARCH,44,M,5
698,MAJOR WINSLOW,44,,
699,MARY AGNES,44,,
700,MR. ROSE,44,M,
701,MRS. GOODHALL,44,,
702,MUDDY,44,,
703,OLIVE,44,,
704,PEACHES,44,,
705,RAY,44,,
706,ROSE ROSE,44,F,8
707,WALLY,44,M,4
777,AUDIENCE,50,,
778,DAVID,50,,
779,DONNIE,50,M,1
780,DR. MONNITOFF,50,,
781,DR. THURMAN,50,M,
782,EDDIE,50,,
783,ELIZABETH,50,,
784,FRANK,50,,
785,GRETCHEN,50,F,18
786,JIM CUNNINGHAM,50,,
787,LEROY,50,,
788,MS. FARMER,50,,
789,MS. POMEROY,50,,
790,PRINCIPAL COLE,50,,
791,RONALD,50,,
792,ROSE,50,,
793,SAMANTHA,50,,
794,SEAN,50,,
795,SETH,50,,
824,ANNE,53,F,
825,BOY,53,,
826,BYTES,53,M,6
827,CARR,53,M,4
828,FOX,53,,
829,K. HEN,53,,
830,KATH,53,,
831,KENDAL,53,,
832,MERRICK,53,M,2
833,MOTHERSHEAD,53,F,5
834,NIGHT PORTER,53,,
835,NORA,53,,
836,OWNER,53,,
837,PLUMED DWARF,53,,
838,TREVES,53,M,1
858,CARRIE,55,,
859,CLEMENTINE,55,F,2
860,CLEMENTINE'S VOICE,55,,
861,JOEL,55,M,1
862,MARY,55,F,9
863,MIERZWIAK,55,M,10
864,NAOMI,55,F,
865,NAOMI'S VOICE,55,,
866,OLD WOMAN,55,,
867,PATRICK,55,M,4
868,RECEPTIONIST,55,,
869,STAN,55,M,6
870,STAN'S VOICE,55,,
871,VOICE-OVER,55,,
879,COOPER,57,M,5
880,DJ,57,,
881,HOLLIS,57,,
882,JUSTIN,57,,
883,LYLE,57,,
884,MILLER,57,M,1
885,PETERS,57,F,3
886,SMITH,57,M,8
887,STARCK,57,F,4
888,WEIR,57,M,2
889,ALICIA,58,,
890,BEN,58,M,4
891,DEBBIE,58,,
892,DOCTOR,58,,
893,JOHNNY,58,M,3
894,LEONARD,58,,
895,REED,58,M,1
896,SEXY NURSE,58,,
897,SUE,58,F,2
898,THE THING,58,,
899,VICTOR,58,M,5
900,ARNOLD,59,,
901,BRAD,59,M,3
902,BUSINESSMAN,59,,
903,CURTIS,59,,
904,DAMONE,59,M,4
905,DENNIS,59,,
906,GIRL,59,,
907,GRIFFIN,59,,
908,HAROLD,59,,
909,L.C.,59,,
910,LINDA,59,F,6
911,LISA,59,,
912,MR. HAND,59,M,7
913,RON,59,,
914,SPICOLI,59,M,1
915,STACY,59,F,2
916,THE RAT,59,,
917,WAITRESS,59,,
918,CLERK,60,F,9
919,DA,60,,
920,DUKE,60,M,1
921,GONZO,60,M,2
922,HIGHWAY PATROLMAN,60,,
923,HITCHHIKER,60,,
924,MAID,60,,
925,PROPRIETOR,60,,
995,BORDER GUARD,65,,
996,CARLOS,65,,
997,JACOB,65,M,1
998,KATE,65,F,4
999,KELLY HOUGE,65,,
1000,MCGRAW,65,,
1001,PETE,65,,
1002,RAZOR CHARLIE,65,,
1003,RICHARD,65,M,3
1004,SCOTT,65,,
1005,SETH,65,M,2
1006,STANLEY CHASE,65,,
1024,ANIMAL,67,M,4
1025,AUDREY,67,F,3
1026,CAIMAN,67,,
1027,ELSIE,67,,
1028,JEAN-CLAUDE,67,,
1029,KID,67,,
1030,LT. ANDERSON,67,,
1031,LUCY,67,,
1032,MAJOR HICKS,67,M,
1033,MAYOR,67,,
1034,NICK,67,M,
1035,RAYMOND,67,,
1036,ALEXANDER,68,M,3
1037,BRANDON,68,M,12
1038,COMPUTER,68,,
1039,FRED,68,,
1040,GUY,68,,
1041,GWEN,68,F,2
1042,JASON,68,M,1
1043,KYLE,68,,
1044,LATHE,68,,
1045,MATHESAR,68,M,7
1046,NERVOUS TECH,68,,
1047,QUELLEK,68,M,9
1048,SARRIS,68,,
1049,TOMMY,68,M,6
1067,ATTENDANT,70,,
1068,BEAR,70,M,7
1069,BO CATLETT,70,M,6
1070,BONES,70,M,5
1071,CHILI,70,M,1
1072,CURTIS,70,,
1073,DICK,70,,
1074,DIRECTOR,70,,
1075,DORIS,70,,
1076,ESCOBAR,70,,
1077,HARRY,70,M,2
1078,KAREN,70,F,3
1079,LEO,70,,
1080,MANAGER,70,,
1081,MARTIN,70,M,4
1082,RAY BONES,70,,
1083,RONNIE,70,,
1084,TOMMY,70,M,11
1092,DAD,72,M,6
1093,DANA,72,,
1094,ENID,72,F,1
1095,GERROLD,72,,
1096,GIRL,72,,
1097,JOE,72,,
1098,JOHN,72,,
1099,JOHN ELLIS,72,,
1100,JOSH,72,M,4
1101,MAN,72,,
1102,MANAGER,72,,
1103,MARGARET,72,,
1104,MAXINE,72,,
1105,MELORRA,72,,
1106,REBECCA,72,F,2
1107,ROBERTA,72,F,5
1108,SEYMOUR,72,M,3
1109,THERAPIST,72,,
1110,TODD,72,,
1120,DANA,74,F,3
1121,ELAINE,74,,
1122,FRANK,74,,
1123,HARDEMEYER,74,,
1124,JANINE,74,F,7
1125,JANOSZ,74,M,8
1126,JUDGE,74,,
1127,LOUIS,74,M,5
1128,MILTON,74,,
1129,PROSECUTOR,74,,
1130,SHERMAN,74,,
1131,SPENGLER,74,,
1132,STANTZ,74,M,2
1133,VENKMAN,74,M,1
1134,VIGO,74,,
1135,WINSTON,74,M,6
1155,COMMODUS,76,M,2
1156,COS,76,,
1157,FALCO,76,,
1158,GAIUS,76,,
1159,GRACCHUS,76,,
1160,JUBA,76,,
1161,LUCILLA,76,F,3
1162,MARCUS AURELIUS,76,,
1163,NARCISSUS,76,M,
1164,PROXIMO,76,M,4
1165,QUINTUS,76,,
1166,SELENE,76,F,
1167,THEMIS,76,,
1168,TRIBUUS,76,,
1169,BEN,77,M,2
1170,BEN'S VOICE,77,,
1171,CLERK,77,,
1172,ELAINE,77,F,3
1173,MR. BRADDOCK,77,M,4
1174,MR. MCCLEERY,77,M,10
1175,MR. MCQUIRE,77,,
1176,MR. ROBINSON,77,M,5
1177,MRS. BRADDOCK,77,F,6
1178,MRS. ROBINSON,77,F,1
1179,MRS. ROBINSON'S VOICE,77,F,
1180,MRS. SINGLEMAN,77,,
1181,ROOM CLERK,77,M,7
1182,WOMAN'S VOICE,77,,
1289,ABE,86,,
1290,ABE'S VOICE,86,,
1291,BROOM,86,,
1292,CLAY,86,,
1293,GRIGORY,86,,
1294,HELLBOY,86,M,1
1295,LIZ,86,,
1296,LOBBY GUARD,86,,
1297,MANNING,86,,
1298,MATLIN,86,,
1299,MYERS,86,M,4
1300,WHITMAN,86,,
1312,ALISON'S MOM,88,,
1313,BARRY,88,M,4
1314,CAROLINE,88,F,13
1315,CHARLIE,88,,
1316,CUSTOMER,88,,
1317,DICK,88,M,3
1318,IAN,88,,
1319,LAURA,88,F,2
1320,LIZ,88,F,7
1321,MARIE,88,F,5
1322,MOM,88,,
1323,ROB,88,M,1
1324,VINCE,88,,
1325,WOMAN,88,F,
1326,BRENNA,89,F,
1327,CONOR,89,M,
1328,DENNIS,89,,
1329,DESK OFFICER,89,,
1330,DUPONT,89,,
1331,EXAMINER,89,,
1332,FATHER,89,,
1333,GRANDSON,89,,
1334,INSPECTOR,89,,
1335,INTRUDER,89,,
1336,KAHN,89,,
1337,KATHERINE,89,,
1338,KIDELL,89,,
1339,KNIGHT,89,,
1340,KNIGHT'S VOICE,89,,
1341,LIBRARIAN,89,,
1342,MAJOR,89,,
1343,MAN,89,,
1344,MARA,89,,
1345,MORAN,89,M,6
1346,MOTHER,89,,
1347,MR. NORTH,89,,
1348,MULET,89,,
1349,ROMIREZ,89,M,
1350,SUPERVISOR,89,,
1351,TAUPIN,89,M,
1352,TAVERN MAN #2,89,,
1353,TRAVELLER,89,,
1354,UNCLE JOE,89,,
1422,EMMA,95,F,
1423,FRENCH VOICE,95,,
1424,NEVILLE,95,M,1
1425,OLD MAN,95,,
1426,VIRGINIA,95,,
1433,ALICIA,97,,
1434,CONSTANCE,97,F,8
1435,DAVID,97,M,3
1436,GENERAL GREY,97,M,
1437,JASMINE,97,F,9
1438,JIMMY,97,,
1439,MARGARET,97,,
1440,MARTY,97,M,11
1441,MIGUEL,97,,
1442,MOISHE,97,,
1443,NIMZIKI,97,,
1444,OKUN,97,,
1445,OKUN/ALIEN,97,,
1446,PHILIP,97,,
1447,PRESIDENT,97,M,2
1448,RUSSELL,97,,
1449,SECOND OFFICER,97,,
1450,STEVE,97,M,1
1451,TROY,97,,
1452,BRODY,98,M,3
1453,BUTLER,98,,
1454,DONOVAN,98,M,6
1455,ELSA,98,F,4
1456,HENRY,98,M,2
1457,INDY,98,M,7
1458,KAZIM,98,,
1459,KNIGHT,98,,
1460,SALLAH,98,,
1461,CAPT. BLUMBURTT,99,,
1462,CHATTAR LAL,99,,
1463,INDIANA,99,M,1
1464,LAO,99,,
1465,MOLA RAM,99,,
1466,SHAMAN,99,,
1467,SHORT ROUND,99,,
1468,WILLIE,99,F,2
1485,BARBARA,101,,
1486,BILL ROBERTSON'S VOICE,101,,
1487,CHARLIE PHILLIPS,101,,
1488,DEBBIE DELUCA,101,,
1489,DEBORAH,101,,
1490,DON HEWITT,101,M,5
1491,ERIC KLUSTER,101,,
1492,FBI AGENT #2,101,,
1493,FELLING,101,,
1494,HELEN CAPERELLI,101,,
1495,JIM COOPER,101,,
1496,JIM COOPER'S VOICE,101,,
1497,LIANE,101,F,4
1498,LIANE'S VOICE,101,,
1499,LOWELL,101,M,1
1500,LOWELL'S VOICE,101,,
1501,MICHAEL MOORE,101,,
1502,MIKE WALLACE,101,M,3
1503,MOTLEY,101,,
1504,RICHARD SCRUGGS,101,,
1505,SHARON,101,F,6
1506,THE HOTEL MANAGER'S VOICE,101,,
1507,THE SHEIKH,101,,
1508,THOMAS SANDEFUR,101,,
1509,TOBACCO LAWYER,101,,
1510,WIGAND,101,M,2
1511,WIGAND'S VOICE,101,,
1512,BONNIE,102,,
1513,DOYLE,102,M,8
1514,GANGSTER,102,,
1515,JOE,102,,
1516,JUDGE,102,,
1517,KENNETH,102,M,
1518,LAWYER,102,,
1519,MARYLIN,102,F,2
1520,MILES,102,M,1
1521,PATRICIA,102,,
1522,RAMONA,102,,
1523,REX,102,M,5
1524,RUTH,102,,
1525,SARAH,102,F,9
1526,VOICE,102,,
1527,WITNESS,102,,
1528,WOMAN,102,,
1529,WRIGLEY,102,M,6
1555,AL,104,,
1556,ANDREWS,104,M,45
1557,BANISTER,104,,
1558,BILL,104,M,17
1559,CORONER,104,,
1560,DYMOND,104,,
1561,FERRIE,104,M,29
1562,FINCK,104,,
1563,FRANK,104,,
1564,GARRISON,104,,
1565,GOLDBERG,104,,
1566,JASPER,104,,
1567,JEAN HILL,104,,
1568,JIM,104,M,8
1569,JOHNSON,104,,
1570,JUDGE HAGGERTY,104,,
1571,LAWYER,104,,
1572,LIZ,104,F,19
1573,LONG,104,,
1574,LOU,104,M,9
1575,MALE VOICE,104,,
1576,MAN,104,,
1577,MARTIN,104,M,16
1578,MERCER,104,,
1579,MILLER,104,,
1580,MOBSTER,104,,
1581,NUMA,104,,
1582,O'KEEFE,104,,
1583,OFFICIAL,104,,
1584,RUBY,104,,
1585,SHAW,104,M,42
1586,SUSIE,104,F,24
1587,VIRGINIA,104,,
1588,X,104,F,24
1589,AMY,105,,
1590,ANITA,105,,
1591,BEAUMONT,105,M,8
1592,DARGUS,105,M,7
1593,JACKIE,105,F,1
1594,LOUIS,105,M,6
1595,MAX,105,M,3
1596,MELANIE,105,F,4
1597,NICOLET,105,M,5
1598,ORDELL,105,M,2
1599,PUBLIC DEFENDER,105,,
1600,SHERONDA,105,,
1601,WINSTON,105,,
1642,BRODY,108,M,1
1643,CASSIDY,108,,
1644,CHARLIE,108,,
1645,DENHERDER,108,,
1646,ELLEN,108,F,4
1647,ELLEN'S VOICE,108,,
1648,HENDRICKS,108,,
1649,HOOPER,108,M,3
1650,MEADOWS,108,,
1651,MICHAEL,108,,
1652,QUINT,108,M,2
1653,VAUGHN,108,M,5
1654,BLEEKER,109,M,2
1655,BLEEKER'S MOM,109,,
1656,BREN,109,F,5
1657,GERTA,109,,
1658,GIRL LAB PARTNER,109,,
1659,GUY LAB PARTNER,109,,
1660,JUNO,109,F,1
1661,LEAH,109,F,7
1662,MAC,109,F,1
1663,MARK,109,M,4
1664,PUNK RECEPTIONIST,109,,
1665,ROLLO,109,,
1666,SU-CHIN,109,,
1667,ULTRASOUND TECH,109,,
1668,VANESSA,109,F,3
1669,VIJAY,109,,
1726,COP,114,,
1727,JENNY,114,,
1728,LEON,114,M,22
1729,MAN,114,,
1730,MATHILDA,114,F,3
1731,RECEPTIONIST,114,,
1732,RINALDI,114,,
1733,STANSFIELD,114,,
1734,THE BOSS,114,,
1735,TONY,114,,
1755,BEN,116,M,1
1756,BRAD,116,,
1757,CONVENTIONEER,116,,
1758,SERA,116,F,2
1759,WAITRESS,116,,
1760,YURI,116,,
1761,ADVISOR,117,,
1762,BROOKE,117,,
1763,CHUTNEY,117,F,12
1764,DEWEY,117,,
1765,DONOVAN,117,,
1766,DORKY DAVID,117,,
1767,ELLE,117,F,1
1768,EMMETT,117,M,2
1769,ENRIQUE,117,,
1770,FUZZY 2L,117,,
1771,GUARD,117,,
1772,MARGOT,117,F,9
1773,MRS. WINDHAM VANDERMARK,117,,
1774,PAULETTE,117,F,6
1775,PROFESSOR DONOVAN,117,,
1776,PROFESSOR STROMWELL,117,,
1777,SARAH,117,,
1778,SERENA,117,,
1779,WARNER,117,M,4
1807,ABERNATHY,120,,
1808,BISCUIT,120,,
1809,BLOCKER,120,,
1810,BOUNCER,120,,
1811,CLAUDE,120,M,
1812,COOKIE,120,,
1813,DAISY,120,,
1814,DILLARD,120,,
1815,DOCTOR,120,,
1816,GOLDMOUTH,120,,
1817,HOPPIN' BOB,120,,
1818,JAKE,120,,
1819,JANGLE LEG,120,,
1820,LEON,120,,
1821,MAE ROSE,120,,
1822,MAMA GIBSON,120,,
1823,NURSE HUMPHRIES,120,,
1824,PIKE,120,,
1825,POKER FACE,120,,
1826,RADIO,120,,
1827,RAY,120,M,
1828,SLIM,120,,
1829,SPANKY,120,,
1830,SYLVIA,120,,
1831,WILKINS,120,,
1832,WILLIE,120,,
1833,YVETTE,120,,
1834,ADRIAN,121,,
1835,ANGEL,121,F,59
1836,BEEFY,121,M,10
1837,CASSIUS,121,,
1838,CHRISTA,121,,
1839,DAD,121,M,3
1840,DAN,121,,
1841,GATEKEEPER,121,,
1842,JIMMY THE DEMON,121,,
1843,JOHN,121,,
1844,KATHY LEE,121,,
1845,LUCIFER,121,,
1846,NICKY,121,M,1
1847,PETER,121,,
1848,REGIS,121,,
1849,STREET VENDOR,121,,
1850,STUDENT,121,,
1851,TODD,121,,
1852,VALERIE,121,F,2
1866,"""V""",123,,
1867,AL,123,,
1868,ALICE,123,F,2
1869,ANDY,123,,
1870,ARNIE,123,,
1871,BILL,123,,
1872,CAPTAIN HENDERSON,123,,
1873,CLAIRE,123,,
1874,DR. ROGOFF,123,,
1875,DRIVER,123,,
1876,ED,123,,
1877,FRED,123,M,1
1878,GUARD,123,,
1879,JOHNNY MACK,123,,
1880,MARIAN,123,,
1881,MR. EDDY,123,M,33
1882,MYSTERY MAN,123,,
1883,PETE,123,M,16
1884,RAQUEL,123,,
1885,RENEE,123,F,2
1886,SHEILA,123,F,29
1887,VOICE,123,,
1888,WARDEN,123,,
1901,COWAN,125,,
1902,DEE,125,,
1903,INS LEADER,125,,
1904,JAY,125,M,
1905,JEEBS,125,,
1906,KAY,125,M,
1907,LAUREL,125,F,3
1908,LEONARD,125,,
1909,MIKEY,125,,
1910,PRESIDENT,125,,
1911,WALLACE,125,,
1912,YAZ,125,,
1913,ZED,125,M,5
1914,ZED'S VOICE,125,,
1915,AGATHA,126,F,8
1916,ANDERTON,126,M,1
1917,ANDERTON'S VOICE,126,,
1918,BURGESS,126,M,2
1919,CROW,126,M,43
1920,CUSTOMER,126,,
1921,DR. EDDIE,126,,
1922,FLETCHER,126,M,4
1923,GIDEON,126,,
1924,HOWARD,126,,
1925,IRIS,126,F,9
1926,JAD,126,M,3
1927,KNOTT,126,,
1928,LARA,126,F,38
1929,RUFUS,126,,
1930,SARAH,126,,
1931,SEAN,126,M,39
1932,SECRETARY,126,,
1933,WALLY,126,,
1934,WITWER,126,M,2
1983,CREASY,129,M,1
1984,CREASY'S VOICE,129,,
1985,CUSTOMS,129,,
1986,DANIEL,129,,
1987,GUARDIAN TWO,129,,
1988,JORDAN,129,,
1989,JORGE,129,,
1990,LISA,129,F,4
1991,MANZANO,129,M,6
1992,PINTA,129,F,
1993,RAYBURN,129,M,5
1994,REINA,129,,
1995,ROSANNA,129,,
1996,SAMUEL,129,,
1997,SISTER ANNA,129,,
1998,TAZINARI,129,,
1999,VOICE,129,,
2068,CHRISTOPH,134,,
2069,DEX,134,,
2070,DIGITAL GENA,134,,
2071,EMMA,134,,
2072,GENA,134,,
2073,HALDEN,134,,
2074,KATIE,134,F,
2075,KID,134,,
2076,LAWYER,134,,
2077,SYNTHETIC VOICE,134,,
2078,TANNER,134,,
2131,BOY,139,,
2132,CHAIRMAN,139,,
2133,COOK,139,,
2134,DIZ,139,M,6
2135,EMMA,139,F,12
2136,GRIFFITH,139,,
2137,HUBERT,139,M,5
2138,JEFFERSON,139,M,2
2139,JIMMIE,139,,
2140,MA,139,,
2141,MCGANN,139,M,7
2142,NOSEY,139,,
2143,OTIS,139,,
2144,PAINE,139,M,3
2145,PETER,139,,
2146,PRESIDENT,139,,
2147,SAUNDERS,139,F,1
2148,SENATOR,139,,
2149,SPIELER,139,,
2150,SUSAN,139,F,11
2151,TAYLOR,139,M,4
2152,VOICES,139,,
2201,ARDETH RAY,142,,
2202,BENI,142,M,5
2203,CURATOR,142,,
2204,DANIELS,142,,
2205,EVELYN,142,F,2
2206,HENDERSON,142,,
2207,HOOK,142,,
2208,JONATHAN,142,M,3
2209,O'CONNELL,142,M,1
2210,WARDEN,142,,
2211,AMAZING,143,,
2212,ANABEL,143,,
2213,BOWLER,143,,
2214,CASANOVA,143,,
2215,FURIOUS,143,M,6
2216,HELLER,143,,
2217,INVISIBLE BOY,143,,
2218,MONICA,143,F,14
2219,MOTHER,143,,
2220,RAJA,143,M,1
2221,SHOVELER,143,M,3
2222,SPHINX,143,,
2223,TONY P,143,,
2294,DR KING,148,,
2295,GLEN,148,M,6
2296,LT THOMPSON,148,,
2297,MARGE,148,F,2
2298,MR LANTZ,148,,
2299,NANCY,148,F,3
2300,PARKER,148,,
2301,ROD,148,,
2302,TINA,148,,
2350,BELL,151,M,1
2351,CARLA JEAN,151,F,5
2352,CHIGURH,151,M,2
2353,CLERK,151,,
2354,DRIVER,151,,
2355,ELLIS,151,M,8
2356,LORETTA,151,,
2357,MAN,151,,
2358,MAN AT CHAIR,151,,
2359,MOLLY,151,,
2360,MOSS,151,M,3
2361,MOTHER,151,,
2362,OFFICIAL,151,,
2363,PROPRIETOR,151,M,17
2364,ROSCOE,151,,
2365,WELLS,151,M,4
2366,WENDELL,151,M,6
2367,WOMAN,151,,
2390,BIG DAN,153,,
2391,COOLEY,153,,
2392,DELMAR,153,M,3
2393,ECKARD,153,,
2394,EVERETT,153,M,1
2395,FRENCH,153,,
2396,JUNIOR,153,,
2397,MAN,153,,
2398,MIDDLE,153,,
2399,PAPPY,153,,
2400,PENNY,153,F,5
2401,PETE,153,M,2
2402,PROPRIETOR,153,,
2403,SPIVEY,153,,
2404,YOUNGEST,153,,
2416,BURNHAM,155,M,3
2417,COP 1,155,,
2418,EVAN,155,,
2419,JUNIOR,155,M,5
2420,LYDIA,155,,
2421,MEG,155,F,1
2422,RAOUL,155,M,4
2423,SARAH,155,F,2
2443,ANNE,157,,
2444,BILLINGS,157,,
2445,CHARLOTTE,157,,
2446,CONTINENTAL SERGEANT,157,,
2447,CORNWALLIS,157,M,9
2448,GABRIEL,157,M,2
2449,LEE,157,,
2450,MAJOR HALBERT,157,,
2451,MARGARET,157,,
2452,MARION,157,M,
2453,NATHAN,157,,
2454,REV. OLIVER,157,,
2455,ROBINSON,157,,
2456,SUSAN,157,,
2457,TARLETON,157,,
2458,THOMAS,157,,
2459,WASHINGTON,157,,
2496,BETTY,162,F,4
2497,BIFF,162,,
2498,BIG BOB,162,,
2499,BOB,162,M,6
2500,BOY,162,,
2501,DAN,162,,
2502,DAVID,162,M,1
2503,DICK VAN DYKE,162,M,
2504,GEORGE,162,M,3
2505,HOWARD,162,,
2506,JENNIFER,162,F,2
2507,MARGARET,162,F,8
2508,MARK,162,,
2509,MR. JOHNSON,162,,
2510,MR. SIMPSON,162,,
2511,BARRY,163,M,1
2512,CHECK OUT GIRL,163,,
2513,CUSTOMER,163,,
2514,DAVID,163,M,31
2515,DEAN,163,,
2516,ELIZABETH,163,F,16
2517,KAREN,163,,
2518,KATHLEEN,163,F,11
2519,LANCE,163,M,5
2520,LATISHA,163,,
2521,LENA,163,F,4
2522,MANAGER,163,M,36
2523,OPERATOR,163,,
2524,OPERATOR GIRL,163,F,
2525,OPERATOR VOICE,163,,
2526,SEXY VOICE,163,,
2527,VOICE,163,,
2528,WALTER,163,,
2558,1ST DEPUTY,166,,
2559,COMO,166,,
2560,EAGAN,166,,
2561,IRMA,166,,
2562,J.R.,166,,
2563,JAKE,166,M,1
2564,JOEY,166,M,3
2565,REPORTER,166,,
2566,SALVY,166,,
2567,TOMMY,166,,
2568,TONY,166,,
2569,VICKIE,166,F,2
2570,BABY SITTER,167,,
2571,BRYCE,167,,
2572,DOYLE,167,M,3
2573,GUNNISON,167,,
2574,JEFF,167,M,1
2575,LISA,167,F,2
2576,MRS. DOYLE,167,,
2577,POLICE,167,,
2578,STELLA,167,F,4
2579,THORWALD,167,,
2608,COP,170,,
2609,EDDIE,170,M,4
2610,FREDDY,170,M,2
2611,HOLDAWAY,170,M,9
2612,JOE,170,M,6
2613,MARVIN,170,,
2614,MR. BLONDE,170,,
2615,MR. BROWN,170,,
2616,MR. ORANGE,170,M,2
2617,MR. PINK,170,M,5
2618,MR. WHITE,170,M,1
2619,NICE GUY EDDIE,170,,
2620,VIC,170,,
2634,ALEX,172,,
2635,BRENDA,172,,
2636,BUDDY,172,M,21
2637,CINDY,172,F,19
2638,DWIGHT,172,M,27
2639,FATHER MCFEELY,172,,
2640,HANSON,172,,
2641,HARRIS,172,,
2642,MCFEELY,172,,
2643,MOTHER,172,,
2644,PROFESSOR,172,M,26
2645,RAY,172,,
2646,SHORTY,172,M,20
2647,THEO,172,,
2648,TOMMY,172,,
2731,CAMMI,178,,
2732,CHRISTINE,178,,
2733,EVELYN,178,,
2734,GARY,178,,
2735,JACK,178,M,2
2736,MAN,178,,
2737,MAYA,178,F,3
2738,MILES,178,M,1
2739,PHYLLIS,178,,
2740,POURER,178,,
2741,STEPHANIE,178,,
2742,VICTORIA,178,F,6
2743,BO,179,,
2744,COLLEEN,179,,
2745,CREWCUT GUY,179,,
2746,GRAHAM,179,M,1
2747,MERRILL,179,M,2
2748,MORGAN,179,M,3
2749,OFFICER PASKI,179,F,5
2785,ANNA,182,,
2786,COLE,182,M,2
2787,DARREN'S MOM,182,,
2788,LYNN,182,F,3
2789,MALCOLM,182,M,1
2790,MAN'S VOICE,182,,
2791,MR. CUNNINGHAM,182,,
2827,ACOSTA,186,,
2828,CARRUTHERS,186,M,2
2829,CASINO EMPLOYEE,186,,
2830,DARWIN TREMOR,186,,
2831,DR. GILL,186,,
2832,DUPREE,186,,
2833,ELMORE,186,,
2834,HUGO,186,M,28
2835,ISRAEL,186,M,6
2836,LOCKE,186,M,12
2837,MECKLEN,186,,
2838,MESSNER,186,M,1
2839,PADICHE,186,M,29
2840,SECURITY SUPERVISOR,186,,
2841,SERNA,186,M,4
2842,SIR IVY,186,,
2843,SYKES,186,F,16
2844,WATTERS,186,F,18
2845,WYMAN,186,,
2846,GIBARIAN,187,,
2847,KELVIN,187,M,1
2848,RHEYA,187,F,2
2849,SARTORIUS,187,,
2850,SNOW,187,M,4
2863,ADELE,189,,
2864,BEN,189,M,5
2865,FLASH,189,,
2866,HARRY,189,,
2867,HOGAN,189,,
2868,JAMESON,189,,
2869,LEIBER,189,,
2870,LETTERMAN,189,,
2871,LIZ,189,F,
2872,MAROTTA,189,,
2873,MAY,189,F,6
2874,NURSE VOICE,189,,
2875,OCK,189,,
2876,PETER,189,M,1
2877,REISS,189,,
2878,ROZ,189,,
2879,SPIDER-MAN,189,M,1
2880,THORKEL,189,,
2932,BONES,193,M,
2933,CAROL,193,,
2934,CHEKOV,193,,
2935,DAVID,193,M,9
2936,JOACHIM,193,,
2937,KHAN,193,,
2938,KIRK,193,M,1
2939,PRESTON,193,,
2940,SAAVIK,193,F,11
2941,SCOTTY,193,,
2942,SCOTTY'S VOICE,193,,
2943,SPOCK,193,M,2
2944,SPOCK'S VOICE,193,,
2945,SULU,193,,
2946,TERRELL,193,,
2947,UHURA,193,,
2948,UHURA'S VOICE,193,,
2990,ADMIRAL HAYES,196,,
2991,BEVERLY,196,F,6
2992,BORG QUEEN,196,F,10
2993,DATA,196,M,3
2994,DOCTOR,196,,
2995,GEORDI,196,M,4
2996,GEORDI'S VOICE,196,,
2997,PICARD,196,M,1
2998,PICARD'S VOICE,196,,
2999,RIKER,196,M,2
3000,RIKER'S COM VOICE,196,,
3001,RUBY,196,F,27
3002,SCRIMM,196,,
3003,TROI,196,,
3004,WOMAN'S VOICE,196,,
3005,WORF,196,M,5
3079,ANSWERING MACHINE,202,,
3080,BLONDE,202,,
3081,BRUNETTE,202,F,
3082,CHARLES,202,,
3083,CHRISTY,202,,
3084,DEALER,202,,
3085,LISA,202,,
3086,LORRAINE,202,F,6
3087,MICHELLE,202,,
3088,MIKE,202,M,1
3089,NIKKI,202,,
3090,ROB,202,M,3
3091,SUE,202,M,4
3092,TRENT,202,M,2
3093,WAITRESS,202,,
3094,BONASERA,203,,
3095,CARLO,203,,
3096,CLEMENZA,203,,
3097,CONNIE,203,,
3098,DON CORLEONE,203,M,
3099,DON TOMMASSINO,203,,
3100,FABRIZZIO,203,,
3101,FREDO,203,,
3102,HAGEN,203,M,5
3103,JOHNNY,203,,
3104,KAY,203,F,10
3105,MICHAEL,203,M,2
3106,MOE,203,,
3107,NAZORINE,203,,
3108,NURSE,203,,
3109,PAULIE,203,,
3110,PRIEST,203,,
3111,SOLLOZZO,203,,
3112,SONNY,203,M,3
3113,TESSIO,203,,
3114,VITELLI,203,,
3115,VOICE,203,,
3116,WOLTZ,203,,
3117,DICKIE,204,M,3
3118,FREDDIE,204,M,5
3119,HERBERT GREENLEAF,204,,
3120,JOAN,204,,
3121,MACCARRON,204,,
3122,MARGE,204,F,2
3123,MEREDITH,204,F,4
3124,PETER,204,M,6
3125,RIPLEY,204,M,1
3126,ROVERINI,204,M,8
3127,VERRECCHIA,204,,
3128,ANDY,205,,
3129,BETSY,205,F,2
3130,CONCESSION GIRL,205,,
3131,DOUGH-BOY,205,M,
3132,IRIS,205,F,2
3133,MAN IN BUSINESS SUIT,205,,
3134,PALANTINE,205,,
3135,PERSONNEL OFFICER,205,M,33
3136,SECRET SERVICE MAN,205,,
3137,SPORT,205,,
3138,TOM,205,M,7
3139,TRAVIS,205,M,1
3140,WIZARD,205,M,6
3141,CARLA,206,,
3142,GOODSPEED,206,M,2
3143,MASON,206,M,1
3144,SANCHEZ,206,,
3162,ANNIE,208,F,2
3163,CATHY,208,,
3164,CLERK,208,F,9
3165,DEKE,208,,
3166,HARRY'S VOICE,208,,
3167,HELEN,208,,
3168,LYDIA,208,F,4
3169,MALONE,208,,
3170,MAN,208,,
3171,MELANIE,208,F,1
3172,MITCH,208,M,3
3173,MRS. BUNDY,208,,
3174,MRS. MACGRUDER,208,F,9
3175,SALESMAN,208,,
3176,SHOLES,208,,
3177,WOMAN,208,,
3197,BARNHARDT,211,M,5
3198,BOBBY,211,,
3199,CAPTAIN,211,,
3200,HARLEY,211,M,
3201,HELEN,211,F,2
3202,HILDA,211,,
3203,JEWELER,211,,
3204,KLAATU,211,M,1
3205,LIEUTENANT,211,,
3206,MAJOR,211,,
3207,TOM,211,M,13
3208,ALAN,212,M,9
3209,DAVID,212,M,6
3210,EDGAR,212,,
3211,GRANDPA,212,,
3212,LADDIE,212,,
3213,LUCY,212,F,3
3214,MAX,212,M,5
3215,MICHAEL,212,M,1
3216,SAM,212,M,2
3217,STAR,212,F,7
3218,BENNINGS,213,,
3219,BLAIR,213,,
3220,CHILDS,213,M,5
3221,CLARK,213,,
3222,DR. COPPER,213,,
3223,FUCHS,213,,
3224,GARRY,213,,
3225,MACREADY,213,M,1
3226,NAULS,213,,
3227,NORRIS,213,,
3228,PALMER,213,M,4
3229,SANCHEZ,213,,
3230,ALEXANDER,214,M,1
3231,DEAN FULTON,214,,
3232,EMMA,214,F,4
3233,KALEN,214,M,7
3234,KORUS,214,,
3235,MARA,214,F,2
3236,MOTORIST,214,,
3237,MRS. WATCHIT,214,,
3238,OVERLORD,214,M,
3239,PHILBY,214,M,
3240,THIN MAN,214,,
3241,VOX,214,M,9
3242,VOX KIOSK,214,,
3243,BECKER,215,M,3
3244,DAMON,215,,
3245,DR. GRIES,215,,
3246,DR. LORENSON,215,,
3247,DR. MORGAN,215,,
3248,JACKIE,215,F,2
3249,JEAN,215,,
3250,LORENSON,215,F,4
3251,MACKENZIE,215,M,7
3252,STARKS,215,M,1
3253,TENNY,215,,
3254,WAITRESS,215,F,
3255,DARRYL,216,,
3256,HAL,216,,
3257,HARLAN,216,,
3258,J.D.,216,M,7
3259,JIMMY,216,M,4
3260,LENA,216,,
3261,LOUISE,216,F,1
3262,MAJOR,216,,
3263,MAX,216,,
3264,PATROLMAN,216,,
3265,SARAH,216,,
3266,THELMA,216,F,2
3267,TRUCKER,216,,
3268,BOSS'S DISABLED BROTHER,217,,
3269,DETECTIVE CAVALLO,217,,
3270,DOM,217,M,5
3271,DR. LALONDE,217,,
3272,FRIEND #1,217,,
3273,HEALY,217,M,2
3274,HITCHHIKER,217,,
3275,JOANIE,217,,
3276,MAGDA,217,F,6
3277,MARY,217,F,1
3278,MARY'S DAD,217,,
3279,MARY'S MOM,217,,
3280,POLICE OFFICER,217,,
3281,RENISE,217,,
3282,SULLY,217,M,7
3283,TED,217,M,3
3284,TUCKER,217,M,4
3285,WARREN,217,,
3311,CHARLIE,220,F,2
3312,CHP,220,,
3313,COUGAR,220,M,7
3314,FUNGUS,220,,
3315,GIRL,220,,
3316,GOOSE,220,M,4
3317,HOLLYWOOD,220,,
3318,ICE,220,M,3
3319,ICEMAN,220,,
3320,JESTER,220,,
3321,MAVERICK,220,M,1
3322,SLIDER,220,,
3323,STINGER,220,,
3324,VIPER,220,M,5
3325,WIZARD,220,,
3326,WOLFMAN,220,,
3327,BENNY,221,,
3328,CALLER,221,,
3329,CLERK,221,,
3330,COHAAGEN,221,M,4
3331,DR. LULL,221,,
3332,EDGEMAR,221,M,9
3333,EVERETT,221,,
3334,GEORGE,221,,
3335,HARRY,221,M,18
3336,HELM,221,,
3337,JOHNNY,221,,
3338,LORI,221,F,3
3339,MCCLANE,221,M,10
3340,MELINA,221,F,2
3341,QUAID,221,M,1
3342,RICHTER,221,,
3343,STEVENS,221,,
3344,BURT,222,,
3345,EARL,222,M,2
3346,EDGAR,222,,
3347,HEATHER,222,,
3348,JIM,222,,
3349,MEGAN,222,,
3350,OLD FRED,222,,
3351,PHAM VAN,222,,
3352,RHONDA,222,F,3
3353,VAL,222,M,1
3495,CRABTREE,230,M,4
3496,GOATEE KID,230,,
3497,GRADY,230,M,1
3498,GREENHUT,230,,
3499,HANK,230,,
3500,HANNAH GREEN,230,F,5
3501,JAMES LEER,230,M,2
3502,MISS SLOVIAK,230,,
3503,OFFICER PUPCIK,230,,
3504,SARA,230,F,3
3505,SARA'S VOICE,230,,
3506,TRAXLER,230,,
3507,VERNON,230,,
3508,VERNON HARDAPPLE,230,,
3509,WALTER,230,,
3510,WALTER'S VOICE,230,,
3520,BUD,232,M,1
3521,CATFISH,232,,
3522,COFFEY,232,,
3523,HIPPY,232,,
3524,JAMMER,232,,
3525,LINDSEY,232,F,2
3526,MONK,232,,
3527,ONE NIGHT,232,,
3528,SONNY,232,,
3579,BROUSSARD,236,,
3580,COMPUTER,236,,
3581,FAUST,236,,
3582,HUNTER,236,M,
3583,MELKONIS,236,,
3584,ROBY,236,,
3585,STANDARD,236,M,
3599,ADDISON,238,M,3
3600,BILL,238,M,5
3601,BIRDIE,238,F,10
3602,EVE,238,F,2
3603,GIRL,238,F,
3604,KAREN,238,F,4
3605,LLOYD,238,M,6
3606,MARGO,238,F,1
3607,MAX,238,M,7
3608,MISS CASWELL,238,,
3609,OPERATOR'S VOICE,238,,
3610,PIANIST,238,,
3611,BERNSTEIN,239,M,1
3612,BOOKKEEPER,239,F,7
3613,BRADLEE,239,,
3614,CADDY,239,,
3615,CLAWSEN,239,,
3616,DAHLBERG,239,,
3617,DARDIS,239,,
3618,DEEP THROAT,239,M,5
3619,FOREIGN EDITOR,239,,
3620,HANNAH,239,,
3621,HUNT,239,,
3622,IRWIN,239,,
3623,JANE,239,,
3624,JUDGE,239,,
3625,MCCORD,239,,
3626,MITCHELL,239,,
3627,MRS. GRAHAM,239,,
3628,NATIONAL EDITOR,239,,
3629,ROSENFELD,239,M,3
3630,SECRETARY,239,,
3631,SEGRETTI,239,M,13
3632,SIMONS,239,,
3633,SLOAN,239,,
3634,SWEET OLD LADY,239,,
3635,WOODWARD,239,M,2
3636,CHOIR TEACHER,240,,
3637,COACH MARSHALL,240,,
3638,COLLEGE CHICK,240,,
3639,FINCH,240,,
3640,HEATHER,240,F,11
3641,JESSICA,240,F,10
3642,JIM,240,M,1
3643,JIM'S DAD,240,,
3644,KEVIN,240,M,3
3645,KEVIN'S BROTHER,240,,
3646,MICHELLE,240,F,4
3647,NADIA,240,,
3648,OZ,240,M,2
3649,PORNO-CHANNEL CHICK,240,,
3650,SHERMAN,240,,
3651,SOPHOMORE CHICK,240,,
3652,STIFLER,240,M,8
3653,STIFLER'S MOM,240,,
3654,VICKY,240,F,6
3676,1ST MAN,243,,
3677,2ND MAN,243,,
3678,ACTOR,243,,
3679,ACTRESS,243,,
3680,ALLISON,243,F,4
3681,ALVY,243,M,1
3682,ALVY'S FATHER,243,,
3683,ALVY'S MOTHER,243,,
3684,ALVY'S VOICE,243,,
3685,ALVY'S VOICE-OVER,243,,
3686,ANNIE,243,F,2
3687,ANNIE'S VOICE,243,,
3688,ANNIE'S VOICE-OVER,243,,
3689,DUANE,243,,
3690,GIRL DATE,243,,
3691,MAN IN LINE,243,,
3692,MOM HALL,243,,
3693,OFFICER,243,,
3694,REPORTER,243,,
3695,ROB,243,M,3
3696,ROBIN,243,F,7
3697,TEACHER,243,,
3698,TESSIE,243,,
3699,TONY,243,M,5
3716,AZTECA,245,,
3717,BALA,245,F,12
3718,BARBATUS,245,,
3719,CARPENTER,245,,
3720,FORMICA,245,,
3721,HANDMAIDEN #2,245,,
3722,MOTIVATIONAL COUNSELLOR,245,,
3723,QUEEN,245,,
3724,WEAVER,245,M,11
3725,Z,245,M,1
3726,BLONDE,246,,
3727,BUD,246,M,
3728,DOBISCH,246,M,4
3729,DR. DREYFUSS,246,M,5
3730,FRAN,246,F,2
3731,KIRKEBY,246,M,6
3732,MARGIE,246,F,7
3733,MATUSCHKA,246,,
3734,MISS OLSEN,246,,
3735,MOFFETT,246,,
3736,MRS. DREYFUSS,246,,
3737,MRS. LIEBERMAN,246,,
3738,SHELDRAKE,246,M,3
3739,SYLVIA,246,F,8
3740,TOMMY,246,,
3741,VANDERHOF,246,,
3742,AGENT,247,M,31
3743,AUSTRALIAN,247,,
3744,CAPTAIN,247,M,2
3745,CHEF,247,M,4
3746,CHIEF,247,M,8
3747,CIVILIAN,247,,
3748,CLEAN,247,,
3749,COLBY,247,,
3750,COLONEL,247,,
3751,GASTON,247,,
3752,KILGORE,247,M,3
3753,KURTZ,247,M,1
3754,KURTZ'S WIFE,247,,
3755,LANCE,247,M,7
3756,LIEUTENANT,247,,
3757,MIKE,247,,
3758,MOONBY,247,,
3759,RADIO,247,,
3760,ROXANNE,247,,
3761,SERGEANT,247,,
3762,SOLDIER,247,,
3763,WILLARD,247,M,2
3776,BEVERLY,249,,
3777,CAROL,249,F,2
3778,CHERYL,249,,
3779,DOCTOR,249,,
3780,DR. BETTES,249,F,49
3781,FRANK,249,M,4
3782,HEAD WAITER,249,,
3783,JACKIE,249,,
3784,MELVIN,249,M,1
3785,NORA,249,,
3786,RAY,249,,
3787,SIMON,249,M,3
3788,SPENCER,249,,
3789,VINCENT,249,,
3790,ZOE,249,,
3815,BELINDA,252,,
3816,CYNTHIA,252,F,4
3817,ERIC,252,,
3818,HAROLD,252,,
3819,JAMIE,252,F,2
3820,LANDON,252,M,1
3821,LUIS,252,,
3822,MR. KELLY,252,M,11
3823,REV. SULLIVAN,252,,
3824,BIFF,253,,
3825,CLERK,253,,
3826,DICK,253,,
3827,EILEEN,253,,
3828,GEORGE,253,M,4
3829,MARTY,253,M,1
3830,MR. ARKY,253,,
3831,N.R.C. AGENT REESE,253,,
3832,OPERATOR,253,,
3833,PROFESSOR EMMETT BROWN,253,M,
3834,SUZY,253,,
3835,WAITRESS,253,,
3864,AUDREY,256,F,3
3865,BARTON,256,M,1
3866,CHARLIE,256,M,2
3867,CLERK,256,,
3868,DEUTSCH,256,M,11
3869,GARLAND,256,M,9
3870,GEISLER,256,M,6
3871,LIPNIK,256,,
3872,LOU,256,,
3873,MASTRIONOTTI,256,M,10
3874,MAYHEW,256,,
3875,VOICE,256,,
3876,AN I.A. MAN,257,,
3877,ANDREWS,257,,
3878,BETH,257,F,4
3879,CATHERINE,257,F,2
3880,CORRIGAN,257,,
3881,DETECTIVE,257,,
3882,GUS,257,M,3
3883,LT. WALKER,257,,
3884,NICK,257,M,1
3885,TALCOTT,257,,
3886,THE WOMAN,257,,
3910,ALFRED,259,,
3911,BATMAN,259,,
3912,BRUCE,259,M,1
3913,CATWOMAN,259,,
3914,CHIP,259,,
3915,FAT CLOWN,259,,
3916,MAX,259,M,4
3917,PENGUIN,259,M,2
3918,SELINA,259,F,3
3932,ALFRED,261,M,6
3933,BATMAN,261,M,1
3934,BRUCE,261,M,1
3935,CHASE,261,F,4
3936,DICK,261,,
3937,EDWARD,261,,
3938,GUARD,261,,
3939,RIDDLER,261,,
3940,STICKLEY,261,,
3941,TWO-FACE,261,,
3942,ALFRED,262,,
3943,BATMAN,262,M,1
3944,BRUCE,262,M,1
3945,DENT,262,,
3946,DRIVER,262,,
3947,ECKHARDT,262,,
3948,EDDIE,262,,
3949,GRISSOM,262,,
3950,JACK,262,,
3951,JOKER,262,,
3952,KNOX,262,M,4
3953,MAYOR,262,,
3954,NICK,262,,
3955,ROTELLI,262,,
3956,VICKI,262,F,3
3979,ADAM,265,M,1
3980,BARBARA,265,F,2
3981,BETELGEUSE,265,M,
3982,CHARLES,265,M,11
3983,DELIA,265,F,8
3984,JANE,265,,
3985,JUNO,265,,
3986,LYDIA,265,F,12
3987,MAXIE,265,,
3988,OTHO,265,M,13
3989,RECEPTIONIST,265,,
4018,AGENT,267,,
4019,CABBIE,267,,
4020,CRAIG,267,M,1
4021,DON,267,,
4022,ELIJAH,267,,
4023,ERROLL,267,,
4024,FLEMMER,267,,
4025,FLORIS,267,,
4026,HARRY S. TRUMAN PUPPET,267,,
4027,KEVIN BACON,267,,
4028,LESTER,267,M,8
4029,LOTTE,267,F,2
4030,MALKOVICH,267,M,14
4031,MANTINI,267,,
4032,MAXINE,267,F,9
4033,MERTIN,267,,
4034,TINY WOMAN,267,,
4035,WENDY,267,,
4036,WOMAN #1,267,,
4048,ALLAN,269,,
4049,BLOND MAN,269,,
4050,BRANDT,269,M,6
4051,CHIEF,269,,
4052,DA FINO,269,,
4053,DIETER,269,,
4054,DONNELLY,269,,
4055,DONNY,269,M,4
4056,DRIVER,269,,
4057,DUDE,269,M,1
4058,LEBOWSKI,269,M,1
4059,MAN,269,,
4060,MAUDE,269,F,3
4061,SMOKEY,269,,
4062,THE STRANGER,269,,
4063,TREEHORN,269,,
4064,VOICE,269,,
4065,WALTER,269,M,2
4066,WOO,269,,
4067,YOUNG MAN,269,M,
4068,YOUNGER COP,269,,
4069,BUCKY,270,,
4070,LEE,270,,
4071,BLADE,271,M,1
4072,CHUPA,271,,
4073,DAMASKINOS,271,,
4074,NOMAK,271,,
4075,NURSE,271,,
4076,NYSSA,271,F,4
4077,REINHARDT,271,,
4078,SCUD,271,,
4079,STEVENS,271,,
4080,WHISTLER,271,M,2
4081,BLADE,272,M,1
4082,CURTIS,272,,
4083,DRAGONETTI,272,,
4084,FROST,272,,
4085,KAM,272,,
4086,KAREN,272,F,4
4087,MIRACIA,272,,
4088,VANESSA,272,,
4089,WHISTLER,272,M,3
4123,ALESSANDRO,276,,
4124,AUGUSTO,276,,
4125,BARBARA,276,F,3
4126,CALIBANOS,276,,
4127,CESAR,276,,
4128,DEREK,276,M,5
4129,DETECTIVE #1,276,,
4130,DIEGO,276,M,6
4131,DR. BAY,276,,
4132,ERMINE,276,,
4133,ESCOBAR,276,M,7
4134,FRED,276,M,10
4135,GARCIA,276,,
4136,GEORGE,276,M,1
4137,GUS,276,,
4138,KEVIN,276,,
4139,KRISTINA,276,F,22
4140,LEON,276,,
4141,MIRTHA,276,F,2
4142,PROSECUTOR,276,,
4143,SANTIAGO,276,,
4144,TUNA,276,,
4215,ABBOTT,282,M,5
4216,BOURNE,282,M,1
4217,CLERK,282,,
4218,CONKLIN,282,M,3
4219,DEPUTY DCM,282,,
4220,GIANCARLO,282,,
4221,MANAGER/PHONE,282,,
4222,MARIE,282,F,2
4223,MORGUE BOSS,282,,
4224,OPERATOR/PHONE,282,,
4225,PROFESSOR,282,,
4226,RAWLINS,282,,
4227,RESEARCH TECH #1,282,,
4228,SECURITY CHIEF,282,,
4229,THE MAN,282,,
4230,WOMAN CLERK,282,,
4231,WOMBOSI,282,,
4232,ZORN,282,,
4233,DOWSER,283,M,13
4234,GENT,283,,
4235,GIRL,283,,
4236,GIRL BUTTLE,283,,
4237,HELPMANN,283,,
4238,INTERVIEWER,283,,
4239,JACK,283,M,6
4240,JILL,283,F,9
4241,KURTZMAN,283,M,4
4242,LIME,283,,
4243,MATTHEWS,283,,
4244,MOTHER,283,,
4245,MRS BUTTLE,283,,
4246,MRS TERRAIN,283,,
4247,PHONE VOICE,283,,
4248,PORTER,283,,
4249,SAM,283,M,1
4250,SPIRO,283,,
4251,SPOOR,283,M,5
4252,TUTTLE,283,,
4253,CAPT. BARNEY,284,,
4254,CARLOS,284,,
4255,COATES,284,M,8
4256,DISPATCHER LOVE,284,,
4257,DRUMMER,284,,
4258,FRANK,284,M,1
4259,HAZMAT,284,,
4260,KANITA,284,,
4261,LARRY,284,M,3
4262,MARCUS,284,M,4
4263,MARY,284,F,2
4264,NOEL,284,,
4265,RADIO DISPATCHER,284,,
4266,ROSE/MARY,284,,
4267,WALLS,284,M,
4331,ACE,289,M,1
4332,AL,289,,
4333,AMY,289,,
4334,AUSTIN,289,,
4335,BANKER,289,,
4336,BORELLI,289,,
4337,CHARLIE CLARK,289,,
4338,COP #1,289,,
4339,COP #2,289,,
4340,COWBOY,289,,
4341,DETECTIVE JOHNSON,289,,
4342,DOMINICK,289,,
4343,EDDY,289,,
4344,FBI AGENT #10,289,,
4345,FBI AGENT #2,289,,
4346,FEMALE NEWSCASTER,289,,
4347,FRANKIE AVALON,289,,
4348,GAGGI,289,M,6
4349,GINGER,289,F,2
4350,GREEN,289,,
4351,HIGH ROLLER,289,,
4352,HOTEL RECEPTIONIST,289,,
4353,JENNIFER,289,,
4354,JERRY,289,,
4355,JOE,289,,
4356,LESTER,289,M,4
4357,LITTLE NICKY,289,,
4358,MARINO,289,M,5
4359,NICKY,289,M,3
4360,OSCAR,289,,
4361,PISCANO,289,M,8
4362,PISCANO'S MOTHER,289,F,24
4363,PISCANO'S WIFE,289,,
4364,SECURITY GUARD #1,289,,
4365,SENATOR,289,,
4366,SHERBERT,289,M,7
4367,SIGNALER,289,,
4368,STAGE MANAGER,289,,
4369,STONE,289,M,10
4370,TONY,289,,
4371,TONY DOGS,289,,
4372,WARD,289,M,14
4373,WEBB,289,,
4374,WINNER,289,,
4375,ADONIS,290,,
4376,BROCK,290,M,
4377,CACTUS,290,,
4378,CAPTAIN GOD,290,,
4379,CATWOMAN,290,,
4380,FEMALE EXEC CAT,290,,
4381,FRANK,290,,
4382,HOUSECAT,290,,
4383,LANE,290,M,
4384,LIBRARY CLERK,290,,
4385,MOM,290,F,34
4386,SELINA,290,F,
4387,SPOOKY,290,,
4388,2ND DRIVER,291,,
4389,CAITLIN,291,,
4390,COP'S VOICE,291,,
4391,GRILLO,291,,
4392,KLINGER,291,,
4393,LENORE,291,F,
4394,LENORE'S VOICE,291,,
4395,MALE VOICE,291,M,
4396,NELSON,291,M,
4397,OFFICER GRILLO,291,,
4398,THEO,291,M,
4399,TRUCKER,291,,
4400,VOICE,291,,
4468,BARNEY,296,,
4469,CLERK,296,,
4470,CROSS,296,M,3
4471,CROSS' VOICE,296,,
4472,CURLY,296,M,34
4473,DUFFY,296,,
4474,EMMA,296,,
4475,ESCOBAR,296,M,4
4476,EVELYN,296,F,2
4477,GITTES,296,M,1
4478,IDA'S VOICE,296,,
4479,MORTY,296,,
4480,MRS. MULWRAY,296,,
4481,OTHER CUSTOMER,296,,
4482,PALMER,296,,
4483,PILOT,296,,
4484,RAINMAKER,296,,
4485,SECRETARY,296,,
4486,SOPHIE,296,,
4487,SOPHIE'S VOICE,296,,
4488,THE BOY,296,,
4489,VOICE ON PHONE,296,,
4490,WALSH,296,,
4491,WALSH'S VOICE,296,,
4492,YELBURTON,296,M,5
4493,YOUNG WOMAN,296,,
4494,ALFREDO,297,M,15
4495,ELENA,297,F,7
4496,MARIA,297,,
4497,PRIEST,297,,
4498,SALVATORE,297,M,5
4499,SPACCAFICO,297,,
4500,BERNSTEIN,298,M,7
4501,CARTER,298,M,6
4502,CITY EDITOR,298,,
4503,DR. COREY,298,,
4504,EMILY,298,F,4
4505,KANE,298,F,2
4506,KANE SR.,298,,
4507,LELAND,298,M,1
4508,MATISTI,298,,
4509,MRS. KANE,298,,
4510,PHOTOGRAPHER,298,,
4511,RAWLSTON,298,,
4512,RAYMOND,298,,
4513,REILLY,298,,
4514,ROGERS,298,,
4515,SUSAN,298,F,2
4516,THATCHER,298,,
4517,THE CAPTAIN,298,,
4518,THE PRESIDENT,298,,
4519,THIRD NEWSPAPERMAN,298,,
4520,THOMPSON,298,M,8
4521,ACTIVIST,299,,
4522,CAITLIN,299,F,4
4523,CORONER,299,,
4524,CUSTOMER,299,M,7
4525,DANTE,299,M,1
4526,GIRL 1,299,,
4527,GIRL 2,299,,
4528,HEATHER,299,,
4529,IMPATIENT CUSTOMER,299,,
4530,INDECISIVE CUSTOMER,299,,
4531,JAY,299,M,5
4532,JOHN,299,,
4533,MAN,299,,
4534,OLD MAN,299,M,9
4535,RANDAL,299,M,2
4536,SANFORD,299,,
4537,SUITED MAN,299,,
4538,TRAINER,299,M,19
4539,V.A. CUSTOMER,299,,
4540,VERONICA,299,F,3
4541,WILLAM,299,,
4542,BRETT,300,,
4543,DELMAR,300,,
4544,EVAN,300,,
4545,FRANK,300,,
4546,GABE,300,M,1
4547,HAL,300,M,3
4548,JESSIE,300,F,4
4549,KYNETTE,300,,
4550,MATHESON,300,,
4551,QUALEN,300,M,2
4552,SARAH,300,,
4553,TRAVERS,300,M,5
4554,WRIGHT,300,,
4555,ALEX,301,M,1
4556,CATLADY,301,,
4557,CHECK-IN,301,,
4558,CHIEF GUARD,301,M,3
4559,DELTOID,301,,
4560,DIM,301,M,4
4561,DOLIN,301,,
4562,DR. BRANOM,301,F,16
4563,DR. BRODSKY,301,,
4564,DR. TAYLOR,301,,
4565,EM,301,,
4566,GEORGIE,301,,
4567,GOVERNOR,301,,
4568,LARDFACE,301,,
4569,MINISTER,301,M,18
4570,MR. ALEXANDER,301,M,
4571,PEE,301,,
4572,PRIEST,301,M,
4573,RUBINSTEIN,301,,
4574,TRAMP,301,,
4575,ANNIE,302,F,3
4576,COP #1,302,,
4577,DANIEL,302,M,8
4578,DMITRI,302,,
4579,HELLER,302,,
4580,IDA,302,,
4581,KID #1,302,,
4582,LENNY,302,,
4583,MAN,302,,
4584,MAX,302,M,2
4585,MULDOON,302,,
4586,PEDROSA,302,,
4587,VINCENT,302,M,1
4588,WOMAN,302,,
4589,COP,303,,
4590,CYNIC,303,,
4591,FLIP,303,,
4592,JERRY,303,M,1
4593,JONAS,303,M,3
4594,LAWYER,303,,
4595,LIZA,303,F,
4596,LOWRY,303,M,4
4597,OPERATOR,303,,
4598,WILSON,303,,
4599,A.T.L.,304,,
4600,CHAIRMAN,304,,
4601,DRUMLIN,304,M,10
4602,ELLIE,304,F,1
4603,HADDEN,304,M,12
4604,JEAN-CLAUDE,304,,
4605,JOSS,304,M,9
4606,KENT,304,,
4607,KITZ,304,,
4608,LUNACHARSKY,304,,
4609,PETER,304,M,
4610,PRESIDENT LASKER,304,,
4611,PROJECT OFFICIAL,304,,
4612,TED,304,M,2
4613,WILLIE,304,,
4614,ALIBI,305,,
4615,ARLETTA,305,F,7
4616,BLIND DICK,305,,
4617,BOSS PAUL,305,,
4618,CAPTAIN,305,,
4619,DOGBOY,305,,
4620,DRAGLINE,305,M,2
4621,GAMBLER,305,,
4622,KOKO,305,M,4
4623,LUKE,305,M,1
4624,SOCIETY RED,305,,
4625,TATTOO,305,,
4640,CATHERINE,307,F,
4641,HELEN,307,F,
4642,JAMES,307,M,
4643,RENATA,307,,
4644,VAUGHAN,307,,
4689,ALBRECHT,311,M,3
4690,ANNABELLA,311,,
4691,DARLA,311,,
4692,ELLY,311,,
4693,ERIC,311,M,1
4694,FUNBOY,311,,
4695,GIDEON,311,,
4696,GRANGE,311,,
4697,LAO,311,,
4698,MICKEY,311,,
4699,SKULL COWBOY,311,,
4700,T-BIRD,311,,
4701,TIN-TIN,311,,
4702,TOP DOLLAR,311,,
4703,TORRES,311,,
4704,ANNETTE,312,F,3
4705,AUNT HELEN,312,,
4706,BLAINE,312,M,6
4707,CECILE,312,F,4
4708,DR. GREENBAUM,312,F,9
4709,GREG,312,M,7
4710,KATHRYN,312,F,1
4711,MRS. CALDWELL,312,,
4712,MRS. O'SHEA,312,,
4713,MRS. SUGERMAN,312,,
4714,NIGHT DOORMAN,312,,
4715,RACHEL,312,,
4716,RONALD,312,,
4717,SEBASTIAN,312,M,2
4739,BARBER,315,,
4740,BUMSTEAD,315,,
4741,COP,315,,
4742,KARL,315,,
4743,MISS CRENSHAW,315,,
4744,MISTER BLACK,315,,
4745,PRIEST,315,,
4746,SCHREBER,315,M,3
4747,STROMBOLI,315,,
4748,THOMPSON,315,,
4749,WHITE,315,,
4750,WIFE,315,,
4774,BUBBA,318,,
4775,CAMERON,318,,
4776,CHARLIE,318,M,5
4777,CHET,318,,
4778,CHRIS,318,F,20
4779,GLORIA,318,,
4780,HAGER,318,,
4781,KEATING,318,M,1
4782,KNOX,318,M,4
4783,MEEKS,318,,
4784,MR. PERRY,318,,
4785,NEIL,318,M,2
4786,NOLAN,318,,
4787,PITTS,318,,
4788,TODD,318,M,3
4797,ALBERT,320,M,
4798,ANGELA,320,,
4799,ARMAND,320,,
4800,BAR GIRL,320,,
4801,CHECKER,320,,
4802,COLONEL,320,,
4803,JOHN,320,M,6
4804,LIEUTENANT,320,,
4805,LINDA,320,F,5
4806,MAN,320,,
4807,MERLE,320,,
4808,NICK,320,M,4
4809,SAL,320,,
4810,VET 1,320,,
4811,VET 2,320,,
4812,VINCE,320,M,
4813,BENNETT,321,,
4814,CASSY,321,,
4815,DUBBS,321,,
4816,GALLAGHER,321,,
4817,KIMBERLY,321,,
4818,PEEBLES,321,,
4819,SANCHEZ,321,,
4820,SHEPPARD,321,,
4821,WADE,321,,
4822,WARDEN,321,,
4823,WHORE,321,,
4824,WILLY,321,,
4840,ARGYLE,323,M,12
4841,BIG JOHNSON,323,,
4842,ELLIS,323,,
4843,HANS,323,M,2
4844,HOLLY,323,,
4845,KARL,323,,
4846,MCCLANE,323,M,1
4847,POWELL,323,M,5
4848,ROBINSON,323,M,7
4849,TAKAGI,323,,
4850,THEO,323,,
4851,COMMISSIONER,324,,
4852,DRIVER,324,,
4853,HEIDI,324,,
4854,JACKIE,324,,
4855,JENNY,324,,
4856,JESUS FREAK,324,,
4857,LEON,324,M,4
4858,MAN,324,,
4859,MORETTI,324,M,3
4860,MULVANEY,324,M,5
4861,NEWSMAN,324,,
4862,PAULINE,324,,
4863,SAL,324,M,2
4864,SAM,324,,
4865,SHELDON,324,M,7
4866,SONNY,324,M,1
4867,SYLVIA,324,,
4868,TV NEWSMAN,324,M,
4869,VI,324,F,6
4870,BISHOP,325,,
4871,CHOCO,325,M,3
4872,CIGLIUTI,325,,
4873,CLAREMONT,325,,
4874,DOMINO,325,F,1
4875,ED,325,M,2
4876,EDNA,325,,
4877,GREEN,325,,
4878,KEG PRESIDENT,325,,
4879,KIMMIE,325,,
4880,LASHANDRA,325,,
4881,LASHINDRA,325,,
4882,LATEESHA,325,,
4883,SOPHIE,325,,
4884,TARYN,325,,
4885,WEISS,325,,
4886,ZIERING,325,,
4921,BARON,328,,
4922,DUKE LETO,328,,
4923,EMPEROR,328,,
4924,GURNEY,328,,
4925,JESSICA,328,,
4926,KYNES,328,,
4927,MAPES,328,,
4928,NAVIGATOR,328,,
4929,PAUL,328,M,8
4930,PITER,328,,
4931,REVEREND MOTHER,328,F,10
4932,STILGAR,328,,
4933,THUFIR,328,,
4934,BELA,329,M,2
4935,BUNNY,329,,
4936,CAMERAMAN BILL,329,,
4937,CONRAD,329,,
4938,CRISWELL,329,,
4939,DOCTOR,329,,
4940,DOLORES,329,F,3
4941,ED,329,M,1
4942,ED'S VOICE,329,,
4943,GEORGIE,329,M,9
4944,HOST,329,,
4945,KATHY,329,F,4
4946,LORETTA,329,,
4947,MR. FELDMAN,329,,
4948,NORMA,329,,
4949,ORSON WELLES,329,,
4950,PAUL MARCO,329,,
4951,REVEREND LEMON,329,,
4952,REYNOLDS,329,M,15
4953,RUDE BOSS,329,,
4954,TOR,329,M,13
4955,VAMPIRA,329,,
4975,CLASS,331,,
4976,DAVE,331,,
4977,DIANE,331,,
4978,DICK,331,,
4979,JIM,331,M,1
4980,JO,331,,
4981,LARRY,331,,
4982,LISA,331,,
4983,MISS BEEDER,331,,
4984,MS. HOY,331,,
4985,PAUL,331,,
4986,SHERRY,331,F,
4987,TAMMY,331,,
4988,TRACY,331,F,2
4989,WALT,331,,
4990,BOXER,332,,
4991,BUD,332,M,2
4992,CHIEF,332,,
4993,CLERK,332,,
4994,COATES,332,,
4995,COHEN,332,,
4996,DUDLEY,332,M,4
4997,EXLEY,332,M,3
4998,HUDGEONS,332,M,
4999,JACK,332,M,1
5000,LOEW,332,,
5001,LYNN,332,F,5
5002,MRS. LEFFERTS,332,,
5003,OPERATOR,332,,
5004,PATCHETT,332,M,7
5005,PINKER,332,,
5006,REYNOLDS,332,,
5007,STENSLAND,332,,
5008,STOMPANATO,332,,
5009,VICE CAPTAIN,332,,
5010,YOUNG OFFICER,332,,
5011,"""BRILL""",333,,
5012,ALBERT,333,,
5013,ALFONSO,333,,
5014,BLAKE,333,,
5015,BRILL,333,M,2
5016,DEAN,333,M,1
5017,DEPINTO,333,,
5018,DESK CLERK,333,,
5019,DYLAN,333,,
5020,ERIC,333,M,23
5021,FIEDLER,333,,
5022,FRANKIE,333,,
5023,HAMERSLEY,333,,
5024,HICKS,333,M,8
5025,JENNY,333,,
5026,JERRY,333,M,15
5027,L.T.,333,,
5028,LEVIN,333,,
5029,MAN,333,,
5030,MAN'S VOICE,333,,
5031,MARSHAL,333,,
5032,MEG,333,,
5033,MORELOS,333,,
5034,PATRICK,333,,
5035,PRATT,333,,
5036,RACHEL,333,F,4
5037,REYNOLDS,333,M,3
5038,SAL,333,,
5039,SALES CLERK,333,F,32
5040,SENATOR ALBERT,333,,
5041,SHAFFER,333,,
5042,SILVERBERG,333,,
5043,STACY,333,,
5044,WAITER,333,,
5045,ZAVITZ,333,,
5046,ALMÁSY,334,M,
5047,BOY,334,,
5048,CARAVAGGIO,334,M,3
5049,CLIFTON,334,,
5050,CORPORAL,334,,
5051,HANA,334,F,2
5052,HARDY,334,,
5053,JAN,334,,
5054,KATHARINE,334,F,4
5055,KIP,334,M,5
5056,LADY HAMPTON,334,,
5057,MADOX,334,M,7
5058,MÜLLER,334,,
5059,OFFICER,334,,
5060,OLIVER,334,,
5061,STUART,334,,
5062,THE PATIENT,334,M,
5063,CRUZ,335,M,4
5064,GIN,335,F,2
5065,MAC,335,M,1
5066,QUI,335,,
5067,THIBADEAUX,335,M,3
5068,ANNA,336,,
5069,BAUM,336,,
5070,BRENDA,336,,
5071,DEFENDING LAWYER,336,,
5072,DOCTOR,336,,
5073,DONNA,336,F,21
5074,ED,336,M,4
5075,EMBRY,336,,
5076,ERIN,336,F,1
5077,FRANKEL,336,,
5078,GEORGE,336,M,18
5079,JANE,336,,
5080,KATIE,336,,
5081,LAURA,336,,
5082,MANDY,336,,
5083,MATTHEW,336,,
5084,MRS. MORALES,336,,
5085,PAULSEN,336,,
5086,POTTER,336,,
5087,ROSALIND,336,,
5088,ROSS,336,,
5089,THERESA,336,,
5136,BURKE,341,,
5137,CARDINAL,341,,
5138,CHRIS,341,F,1
5139,CLINIC DIRECTOR,341,,
5140,DR. KLEIN,341,M,9
5141,DR. TANNEY,341,,
5142,FATHER DYER,341,,
5143,KARL,341,,
5144,KARRAS,341,M,6
5145,KINDERMAN,341,M,3
5146,MERRIN,341,M,2
5147,MRS.KARRAS,341,,
5148,NURSE,341,,
5149,PRESIDENT,341,,
5150,PSYCHIATRIST,341,,
5151,REGAN,341,F,7
5152,REGAN/DEMON,341,,
5153,SHARON,341,F,4
5154,UNCLE,341,,
5155,WILLIE,341,,
5177,ARCHER,343,M,1
5178,BUZZ,343,,
5179,CASTOR,343,M,1
5180,DIETRICH,343,,
5181,DR. GARDNER,343,,
5182,EVE,343,F,3
5183,JAMIE,343,,
5184,KIMBERLY,343,,
5185,LAZARRO,343,,
5186,POLLUX,343,,
5187,SASHA,343,,
5188,TITO,343,,
5189,WALTON,343,,
5190,WANDA,343,,
5191,WAXY,343,,
5192,ADELLE,344,,
5193,ALAN,344,M,5
5194,ANNIE,344,F,7
5195,ARNIE,344,M,4
5196,BIG ED,344,,
5197,CASH,344,M,3
5198,EVELYN,344,,
5199,FRANK,344,,
5200,JACK,344,M,1
5201,KATE,344,F,2
5202,KENNY,344,,
5203,LASSITER,344,,
5204,LORI,344,,
5205,MAN,344,,
5206,MRS. PETERSON,344,,
5207,PAULA,344,,
5208,SAM WONG,344,,
5209,TONY THE DOORMAN,344,,
5231,ATTENDANT,347,,
5232,CARL,347,M,2
5233,CUSTOMER,347,,
5234,DETECTIVE SIBERT,347,,
5235,GARY,347,,
5236,GRIMSRUD,347,M,3
5237,HOOKER ONE,347,,
5238,HOOKER TWO,347,,
5239,JEAN,347,,
5240,JERRY,347,M,1
5241,LOU,347,M,22
5242,MAN,347,,
5243,MARGE,347,F,2
5244,MIKE,347,M,24
5245,NORM,347,M,21
5246,SALESMAN,347,,
5247,SCOTT,347,,
5248,SCOTT'S VOICE,347,,
5249,SHEP,347,,
5250,STAN,347,,
5251,TROOPER,347,,
5252,VOICE,347,M,
5253,WADE,347,M,5
5254,WOMAN,347,,
5255,YOUNGER MAN,347,,
5256,ANGEL FACE,348,,
5257,BANDAGED PROPRIETOR,348,,
5258,BOB,348,,
5259,BOSS,348,,
5260,DETECTIVE STERN,348,,
5261,INTERN,348,,
5262,JACK,348,M,
5263,LEADER,348,,
5264,LOU,348,,
5265,MARLA,348,F,3
5266,RAYMOND,348,,
5267,RICKY,348,,
5268,SECURITY TFM,348,,
5269,TYLER,348,M,2
5270,TYLER'S VOICE,348,,
5271,VOICE,348,,
5272,WOUNDED BARTENDER,348,,
5273,CLEAR,349,F,1
5274,DANO,349,,
5275,DETECTIVE SUBY,349,,
5276,EUGENE,349,,
5277,FRANKIE,349,,
5278,ISABELLA,349,,
5279,JORGE,349,,
5280,KAT,349,,
5281,KIMBERLY,349,F,2
5282,MR. BURROUGHS,349,,
5283,NORA,349,,
5284,RORY,349,,
5285,SHAINA,349,,
5286,STEVE,349,,
5287,THOMAS,349,M,3
5288,TIM,349,,
5289,ALEX,350,M,1
5290,BILLY,350,,
5291,CARTER,350,,
5292,CLEAR,350,F,2
5293,MR. BLUDWORTH,350,,
5294,TOD,350,,
5295,WEINE,350,,
5296,BREWER,351,M,
5297,CO,351,F,5
5298,DE FRAVIO,351,,
5299,DOYLE,351,,
5300,KIRKHILL,351,,
5301,PRISONER,351,,
5302,RAMBO,351,M,1
5303,TECH,351,,
5304,TRAUTMAN,351,M,2
5374,1ST MAN,357,,
5375,2ND MAN,357,,
5376,ANGIE,357,,
5377,BLACK PUSHER,357,,
5378,CHARNIER,357,,
5379,DANCER,357,,
5380,DESK CLERK,357,,
5381,DEVEREAUX,357,,
5382,DOYLE,357,M,1
5383,JESUS,357,,
5384,LA VALLE,357,,
5385,MARIE,357,,
5386,MULDERIG,357,,
5387,MUTCHIE,357,,
5388,NICOLI,357,,
5389,RUSSO,357,M,3
5390,SAL,357,,
5391,WEINSTOCK,357,,
5392,DARYL,358,,
5393,DESK SGT.,358,,
5394,FRANK,358,M,1
5395,GIBSON,358,,
5396,GORDO,358,,
5397,JOHN,358,M,2
5398,JOHNNY,358,,
5399,JULIA,358,F,4
5400,SATCH,358,M,5
5401,SHEPARD,358,,
5402,SUPERVISOR,358,,
5463,BA,364,,
5464,BOURKE-WHITE,364,,
5465,CHARLIE,364,,
5466,COLLINS,364,,
5467,GANDHI,364,,
5468,IRWIN,364,,
5469,JINNAH,364,,
5470,KHAN,364,,
5471,MIRABEHN,364,,
5472,NEHRU,364,,
5473,PATEL,364,,
5474,PORTER,364,,
5475,SENIOR POLICE OFFICER,364,,
5476,SMUTS,364,,
5477,WALKER,364,,
5478,ANTON,365,,
5479,ANTONIO,365,,
5480,CAESAR,365,,
5481,DETECTIVE HUGO,365,M,
5482,DIRECTOR JOSEF,365,,
5483,EUGENE,365,M,18
5484,GENETICIST,365,,
5485,GERMAN,365,,
5486,HUGO,365,,
5487,INVESTIGATOR,365,,
5488,IRENE,365,F,2
5489,JEROME,365,M,18
5490,LAMAR,365,,
5491,MARIA,365,,
5492,NURSE,365,,
5493,VINCENT,365,,
5522,AARONOW,368,M,4
5523,BAYLEN,368,,
5524,LEVENE,368,M,2
5525,LINGK,368,M,7
5526,MOSS,368,M,5
5527,ROMA,368,M,1
5528,WILLIAMSON,368,M,6
5529,ANTHONY,369,,
5530,CICCI,369,,
5531,CLEMENZA,369,,
5532,CONNIE,369,,
5533,DEANNA,369,,
5534,DON CORLEONE,369,,
5535,DON FRANCESCO,369,,
5536,FANUCCI,369,,
5537,FBI MAN #1,369,,
5538,FREDO,369,M,5
5539,GENCO,369,,
5540,HAGEN,369,M,2
5541,KAY,369,F,3
5542,KLINGMAN,369,,
5543,MAMA,369,,
5544,MAN,369,,
5545,MICHAEL,369,M,1
5546,NERI,369,,
5547,OLA,369,,
5548,PENTANGELI,369,M,8
5549,ROBERTO,369,,
5550,ROCCO,369,,
5551,ROSATO,369,M,36
5552,ROTH,369,M,7
5553,SAM ROTH,369,,
5554,SANDRA,369,,
5555,SENATOR,369,,
5556,SENATOR GEARY,369,,
5557,SENATOR KANE,369,,
5558,TESSIO,369,,
5559,VITO,369,,
5560,WIDOW,369,,
5573,ATLEY JACKSON,371,,
5574,CALITRI,371,M,13
5575,DETECTIVE CASTLEBECK,371,,
5576,DETECTIVE DRYCOFF,371,,
5577,DONNY ASTRICKY,371,,
5578,FREB,371,,
5579,HELEN RAINES,371,,
5580,JUDGE CROFT,371,,
5581,KIP,371,M,2
5582,MEMPHIS,371,M,1
5583,MIRROR MAN,371,,
5584,OTTO,371,M,12
5585,SWAY,371,F,3
5586,TOBY,371,,
5587,TOM,371,,
5588,TUMBLER,371,,
5589,ANGIE,372,,
5590,BILLY,372,,
5591,HENRY,372,M,2
5592,JIMMY,372,M,1
5593,JUDY,372,,
5594,KAREN,372,F,4
5595,KAREN'S MOTHER,372,,
5596,MARTY,372,,
5597,MCDONALD,372,,
5598,MICKEY,372,,
5599,ROBIN,372,,
5600,SONNY,372,,
5601,TODDY,372,,
5602,TOMMY,372,,
5603,VARIO,372,,
5604,ALL,373,,
5605,BILLY,373,,
5606,CHUCKIE,373,M,3
5607,CLARK,373,,
5608,DYTRESS,373,,
5609,EXECUTIVE,373,,
5610,HYPNOTIST,373,,
5611,LAMBEAU,373,M,4
5612,MORGAN,373,M,6
5613,PEKEC,373,,
5614,PSYCHOLOGIST,373,M,29
5615,SEAN,373,M,1
5616,SKYLAR,373,F,5
5617,STUDENT,373,,
5618,TERRY,373,,
5619,TIMMY,373,,
5620,TOM,373,,
5621,WILL,373,M,2
5655,AMY,375,,
5656,ARLENE,375,,
5657,BOB,375,,
5658,CLUB MEMBER #1,375,,
5659,CLUB MEMBER #2,375,,
5660,DAN,375,,
5661,DEBI,375,F,2
5662,DR. OATMAN,375,M,3
5663,DRIVER,375,,
5664,GROCER,375,M,4
5665,KEN,375,,
5666,LARDNER,375,M,6
5667,MARCELLA,375,F,5
5668,MARTIN,375,M,1
5669,MARY,375,F,18
5670,MCCULLERS,375,M,7
5671,MR. NEWBERRY,375,,
5672,PAUL,375,,
5673,SOUTHTEC GUARD,375,,
5722,ANNIE,379,F,3
5723,BOB,379,,
5724,BOYFRIEND,379,,
5725,BRACKETT,379,F,3
5726,LAURIE,379,F,2
5727,LINDSEY,379,,
5728,LOOMIS,379,M,1
5729,LYNDA,379,,
5730,MARION,379,F,9
5731,PAUL,379,,
5732,SISTER,379,,
5733,TOMMY,379,M,7
5734,WYNN,379,,
5753,ANNA,381,,
5754,BARNEY,381,M,5
5755,BRIGHAM,381,M,21
5756,COMMITTEE MEMBER,381,,
5757,COP ONE,381,,
5758,CORDELL,381,M,8
5759,CRAWFORD,381,,
5760,DRUMGO,381,,
5761,FELL,381,,
5762,FRANKLIN,381,,
5763,GENTLEMAN,381,,
5764,KRENDLER,381,,
5765,LECHTER,381,,
5766,MAPP,381,,
5767,MRS. PAZZI,381,F,
5768,PAZZI,381,M,6
5769,PSYCHIATRIST,381,,
5770,RICCI,381,,
5771,STARLING,381,F,2
5772,SUPERIOR,381,,
5773,VERGER,381,M,3
5774,VOICE ON PHONE,381,,
5869,ANDERS,389,,
5870,ANDERS' VOICE,389,,
5871,BELDONE,389,,
5872,BENZA,389,,
5873,CASTELLANO,389,,
5874,DENNIS,389,M,6
5875,DILL,389,,
5876,FISCHER,389,,
5877,HOWELL,389,,
5878,JANE,389,,
5879,JENNIFER,389,,
5880,JORGENSON,389,,
5881,KEVIN,389,M,7
5882,KLAUS,389,,
5883,LOUISE,389,,
5884,LOUISE'S VOICE,389,,
5885,MARION,389,,
5886,MARS,389,,
5887,MARTIN,389,M,
5888,MIKKELSON'S VOICE,389,,
5889,MR. JONES,389,,
5890,SEYMORE,389,,
5891,TALLEY,389,M,1
5892,THE WATCHMAN,389,,
5893,THE WATCHMAN'S VOICE,389,,
5894,THOMAS,389,M,
5895,TUZEE,389,,
5896,WALTER,389,,
5897,BENEDICT,390,,
5898,BIK,390,,
5899,CAPTAIN,390,M,27
5900,COLONEL OLIVER,390,M,9
5901,GENERAL BIZIMUNGU,390,M,10
5902,GEORGE,390,,
5903,GLORIA,390,,
5904,GREGOIRE,390,,
5905,JOCK,390,,
5906,LIEUTENANT,390,,
5907,MILITIAMAN #1,390,,
5908,MR. GARINDI,390,,
5909,PAUL,390,M,2
5910,PRESIDENT,390,,
5911,REFUGEE,390,,
5912,ROGER,390,,
5913,SABENA PRESIDENT,390,,
5914,TATIANA,390,F,12
5915,XAVIER,390,,
5916,ZOZO,390,,
5955,AD MAN #1,395,,
5956,AD MAN #2,395,,
5957,ADDISON,395,,
5958,AMY,395,F,2
5959,ANCIENT SORTER,395,,
5960,BARMAN,395,,
5961,BENNY,395,,
5962,BUZZ,395,M,6
5963,CHIEF,395,,
5964,EDITOR,395,,
5965,HUDSUCKER,395,,
5966,INTERCOM,395,,
5967,LOU,395,,
5968,MOSES,395,,
5969,MRS. MUSSBURGER,395,,
5970,MUSSBURGER,395,M,3
5971,NORVILLE,395,M,1
5972,SMITTY,395,,
5973,VETERAN #1,395,,
5974,VETERAN #2,395,,
6000,CHIEF NYBACK,398,,
6001,ELLIE,398,F,3
6002,FARRELL,398,,
6003,FRED,398,,
6004,HAP,398,M,5
6005,RACHEL,398,,
6006,RANDY,398,,
6007,TANYA,398,F,18
6008,WALTER,398,M,2
6009,WILL,398,M,1
6010,ARMAND,399,M,21
6011,CLAUDIA,399,F,14
6012,LESTAT,399,M,5
6013,LOUIS,399,M,1
6014,MADELEINE,399,,
6015,MALLOY,399,M,2
6036,BAILEY,402,,
6037,BERT,402,,
6038,CARTER,402,,
6039,CLARENCE,402,M,5
6040,CLARENCE'S VOICE,402,F,
6041,COP,402,,
6042,DR. CAMPBELL,402,,
6043,ERNIE,402,,
6044,FRANKLIN'S VOICE,402,,
6045,GEORGE,402,M,1
6046,GOWER,402,,
6047,HARRY,402,,
6048,JOE,402,,
6049,JOSEPH'S VOICE,402,M,
6050,MA BAILEY,402,,
6051,MAN,402,,
6052,MARTINI,402,,
6053,MARTY,402,,
6054,MARY,402,F,2
6055,MOTHER,402,,
6056,MRS. BAILEY,402,,
6057,NICK,402,,
6058,POP,402,,
6059,POTTER,402,,
6060,SAM,402,,
6061,SAM'S VOICE,402,,
6062,TELLER,402,,
6063,UNCLE BILLY,402,M,4
6064,VIOLET,402,,
6065,ZUZU,402,,
6130,AVERY,408,F,4
6131,CHAD,408,,
6132,CUSH,408,,
6133,DOOLER,408,,
6134,DOROTHY,408,F,3
6135,FIRESTONE,408,,
6136,JERRY,408,M,1
6137,LAUREL,408,F,7
6138,MARCEE,408,,
6139,MATT,408,,
6140,RAY,408,M,9
6141,SUGAR,408,M,6
6142,TEE PEE,408,,
6143,TIDWELL,408,M,2
6144,WOMAN,408,,
6145,AMANDA,409,F,3
6146,BILLY,409,M,4
6147,ELLIE,409,,
6148,ERIC,409,M,
6149,GRANT,409,M,1
6150,PAUL,409,M,2
6151,AJAY,410,,
6152,EDDIE,410,,
6153,HAMMOND,410,,
6154,JUTTSON,410,,
6155,KELLY,410,F,7
6156,LUDLOW,410,M,6
6157,MALCOLM,410,M,1
6158,NICK,410,M,5
6159,ROLAND,410,M,3
6160,SARAH,410,F,2
6161,ARNOLD,411,,
6162,DODGSON,411,,
6163,ELLIE,411,F,2
6164,GENNARO,411,,
6165,GRANT,411,M,1
6166,HAMMOND,411,M,4
6167,HARDING,411,,
6168,LEX,411,F,8
6169,MALCOLM,411,M,3
6170,MULDOON,411,,
6171,NEDRY,411,,
6172,ROSTAGNO,411,,
6173,TIM,411,M,7
6174,BILLER,412,,
6175,BRUCE'S VOICE,412,,
6176,HARDING,412,,
6177,HAYES,412,,
6178,JANET,412,,
6179,KWAN,412,,
6180,RUBY,412,,
6181,SENA,412,,
6196,ANN,414,F,1
6197,DENHAM,414,,
6198,ENGLEHORN,414,,
6199,JACK,414,M,3
6200,KID,414,,
6201,LORD DARROW,414,,
6202,MR GINTING,414,,
6262,ARDELIA,419,,
6263,BRIGHAM,419,,
6264,CATHERINE,419,,
6265,CHILTON,419,,
6266,CLARICE,419,F,1
6267,CRAWFORD,419,M,2
6268,DR. DANIELSON,419,,
6269,DR. LECTER,419,M,
6270,KRENDLER,419,,
6271,MR. GUMB,419,,
6272,MR. YOW,419,,
6273,PILCHER,419,,
6274,RODEN,419,,
6275,SEN. MARTIN,419,,
6276,STACY,419,,
6299,BACON,422,,
6300,BARRY,422,,
6301,BIG CHRIS,422,,
6302,DEAN,422,,
6303,DOG,422,,
6304,DOORMAN,422,,
6305,EDDY,422,M,3
6306,GARY,422,,
6307,HATCHET,422,,
6308,J,422,,
6309,JD,422,,
6310,JOHN,422,,
6311,JOHN O'DRISCOLL,422,,
6312,LITTLE CHRIS,422,,
6313,NICK,422,,
6314,PAUL,422,,
6315,PLANK,422,,
6316,SAMOAN JO,422,,
6317,SOAP,422,M,2
6318,TOM,422,M,1
6319,TRAFFIC WARDEN,422,,
6320,WILLY,422,,
6321,WINSTON,422,,
6378,BOB,425,M,2
6379,CHARLOTTE,425,F,1
6380,ELAINE,425,,
6381,JOHN,425,M,14
6382,KELLY,425,,
6383,LAUREN,425,,
6384,LYDIA,425,F,1000
6385,RECEPTION,425,,
6386,WOMAN,425,,
6417,AVI,428,,
6418,BURT,428,,
6419,CHAD,428,M,82
6420,CLAUDIA,428,F,9
6421,CLAUIDA,428,,
6422,COCKTAIL WAITRESS,428,,
6423,CYNTHIA,428,,
6424,DIXON,428,M,18
6425,DOC,428,,
6426,DONNIE,428,M,2
6427,DR. LANDON,428,,
6428,EARL,428,M,7
6429,FEMALE VOICE,428,,
6430,FRANK,428,M,4
6431,GWEN,428,F,14
6432,GWENOVIER,428,F,14
6433,JANET,428,,
6434,JIM KURRING,428,M,3
6435,JIMMY,428,M,5
6436,JULIA,428,,
6437,KLIGMAN,428,M,23
6438,LINDA,428,F,1
6439,MARCIE,428,F,51
6440,MARY,428,,
6441,MIDDLE AGED GUY,428,,
6442,PAULA,428,,
6443,PHIL,428,M,6
6444,PINK DOT GIRL,428,,
6445,RICHARD,428,,
6446,RICK,428,M,10
6447,ROSE,428,F,13
6448,SOLOMON,428,,
6449,STANLEY,428,M,12
6450,THURSTON,428,M,16
6451,WORM,428,,
6452,YOUNG PHARMACY KID,428,,
6453,ANNE,429,,
6454,ARAMIS,429,M,2
6455,ATHOS,429,M,3
6456,D'ARTAGNAN,429,M,5
6457,KEEPER,429,,
6458,LIEUTENANT,429,,
6459,LOUIS,429,M,1
6460,MAN IN THE IRON MASK,429,,
6461,MICHELLE,429,,
6462,PHILLIPPE,429,,
6463,PIERRE,429,,
6464,PORTHOS,429,M,4
6465,RAOUL,429,,
6499,ANDY,432,M,1
6500,BOOKER,432,,
6501,ED,432,,
6502,GEORGE,432,M,8
6503,JACK BURNS,432,,
6504,JANICE,432,,
6505,LAWLER,432,,
6506,LYNNE,432,F,1000
6507,MANAGER,432,,
6508,MAYNARD,432,,
6509,MIMI,432,,
6510,OLD DOCTOR,432,,
6511,SAD SACK,432,,
6512,STANLEY,432,,
6513,TONY CLIFTON,432,,
6514,YOGI,432,,
6515,ZMUDA,432,M,1000
6516,AGENT JONES,433,,
6517,AGENT SMITH,433,,
6518,APOC,433,,
6519,CHOI,433,,
6520,CYPHER,433,M,6
6521,LIEUTENANT,433,,
6522,MORPHEUS,433,M,2
6523,NEO,433,M,1
6524,ORACLE,433,F,5
6525,SWITCH,433,,
6526,TANK,433,M,7
6527,TRINITY,433,F,3
6544,ALLISON,435,F,5
6545,AMBROSE,435,,
6546,BONTECOU,435,,
6547,COYLE,435,,
6548,DREW,435,M,4
6549,EASTER,435,,
6550,JENNIFER,435,,
6551,JOE,435,M,1
6552,PARRISH,435,M,2
6553,QUINCE,435,M,6
6554,SLOANE,435,,
6555,SUSAN,435,F,3
6556,VOICE,435,,
6557,YOUNG MAN,435,M,1
6558,SCRIPT,436,,
6559,BLONDE,436,,
6560,BURT,436,M,4
6561,DODD,436,,
6562,JIMMY,436,,
6563,LEONARD,436,M,1
6564,LEONARD  *,436,,
6565,LEONARD'S WIFE,436,,
6566,MRS. JANKIS,436,,
6567,NATALIE,436,F,2
6568,TEDDY,436,M,3
6569,BARTENDER,437,,
6570,CASTILLO,437,,
6571,COLEMAN,437,,
6572,CROCKETT,437,M,1
6573,EL TIBURON,437,,
6574,FUJIMA,437,M,5
6575,GINA,437,,
6576,ISABELLA,437,F,3
6577,JOSÉ YERO,437,,
6578,MONTOYA,437,,
6579,STEVENS,437,,
6580,TRUDY,437,,
6581,TUBBS,437,M,2
6582,CASS,438,,
6583,JOE,438,M,2
6584,MARINE,438,,
6585,O'DANIEL,438,,
6586,RALPH,438,,
6587,RATSO,438,M,1
6588,RICH LADY,438,,
6589,SHIRLEY,438,,
6590,TOWNY,438,,
6591,VETERAN,438,,
6612,ANNIE,441,F,2
6613,BUSTER,441,M,3
6614,LIBBY,441,,
6615,PAUL,441,M,1
6616,PETE,441,,
6617,SINDELL,441,F,5
6618,VIRGINIA,441,F,4
6619,AMBROSE,442,M,2
6620,BILLY,442,,
6621,BILLY'S VOICE,442,,
6622,ETHAN,442,M,1
6623,LUTHER,442,M,4
6624,MCCLOY,442,,
6625,NEKHORVICH,442,,
6626,NYAH,442,F,3
6627,STAMP,442,,
6628,SWANBECK,442,M,1000
6629,WALLIS,442,,
6630,ANATOLY,443,,
6631,BARNES,443,,
6632,CLAIRE,443,F,3
6633,ETHAN,443,M,1
6634,GUARD RANDALL,443,,
6635,JACK,443,,
6636,KASIMOV,443,,
6637,KITTRIDGE,443,M,4
6638,KRIEGER,443,,
6639,LUTHER,443,M,6
6640,MATTHIAS,443,,
6641,MAX,443,F,8
6642,PHELPS,443,M,2
6643,SARAH,443,,
6663,ALL,445,,
6664,ARTHUR,445,M,1
6665,BEDEVERE,445,M,5
6666,BLACK KNIGHT,445,M,2
6667,BODY,445,,
6668,BRIDGEKEEPER,445,,
6669,CART DRIVER,445,,
6670,CONCORDE,445,,
6671,DENNIS,445,M,5
6672,FATHER,445,M,
6673,FIRST GUARD,445,,
6674,FIRST VILLAGER,445,,
6675,GALAHAD,445,,
6676,GOD,445,,
6677,LARGE MAN,445,,
6678,LAUNCELOT,445,,
6679,MAN,445,,
6680,OLD WOMAN,445,,
6681,OTHER KNIGHTS,445,,
6682,PIGLET,445,,
6683,PRINCE,445,,
6684,ROBIN,445,,
6685,SINGERS,445,,
6686,SOLDIER,445,,
6687,SOOTHSAYER,445,,
6688,TALL KNIGHT,445,,
6689,TIM,445,M,2
6690,ZOOT,445,,
6714,ADAM,448,M,5
6715,BETTY,448,F,1
6716,BILLY,448,,
6717,COCO,448,F,3
6718,COWBOY,448,M,46
6719,CYNTHIA,448,F,8
6720,DAN,448,,
6721,DARK-HAIRED WOMAN,448,,
6722,DETECTIVE HARRY MCKNIGHT,448,,
6723,DETECTIVE NEAL DOMGAARD,448,,
6724,ED,448,,
6725,HERB,448,,
6726,HOTEL MANAGER,448,,
6727,JIMMY,448,,
6728,JOE,448,,
6729,LANEY,448,,
6730,MIDDLE-AGED WOMAN,448,,
6731,PARAMOUNT GUARD,448,,
6732,RAY,448,,
6733,RITA,448,F,2
6734,SERGEANT BAXTER,448,,
6735,WALLY,448,,
6773,DIGGER,452,M,
6774,JULIANNE,452,F,1
6775,KIMMY,452,F,16
6776,MANDY,452,,
6777,MICHAEL,452,M,2
6778,SAMMY,452,,
6779,WALTER,452,,
6804,GRACE,454,,
6805,MABEL,454,,
6806,MALLORY,454,,
6807,MCCLUSKY,454,,
6808,MICKEY,454,M,2
6809,MOVIE MALLORY,454,,
6810,MOVIE MICKEY,454,,
6811,NORMAN,454,,
6812,PITNEY,454,,
6813,ROGER,454,,
6814,SCAGNETTI,454,,
6815,SCOTT,454,,
6816,SIMON,454,,
6817,WAYNE,454,M,14
6818,WURLITZER,454,M,8
6838,DANNY,456,,
6839,NATHAN,456,,
6840,OMAR,456,,
6868,BARREL,459,,
6869,EVIL SCIENTIST,459,,
6870,JACK,459,,
6871,LOCK,459,,
6872,SALLY,459,F,3
6873,SHOCK,459,,
6874,VARIOUS PEOPLE,459,,
6896,ANNA,462,F,1
6897,BELLA,462,,
6898,BERNIE,462,,
6899,GIRL,462,,
6900,HONEY,462,,
6901,JAMES,462,,
6902,JEFF,462,,
6903,KAREN,462,,
6904,MALE LEAD,462,,
6905,MARTIN,462,,
6906,MAX,462,M,16
6907,RITZ MAN,462,,
6908,SECURITY,462,,
6909,SPIKE,462,M,4
6910,TARQUIN,462,,
6911,THIEF,462,,
6912,WILLIAM,462,M,2
6913,BIG NURSE,463,F,
6914,BILLY,463,M,30
6915,BROMDEN,463,,
6916,CANDY,463,,
6917,CHESWICK,463,,
6918,FREDRICKSON,463,,
6919,HARDING,463,M,22
6920,MARTINI,463,,
6921,MCMURPHY,463,M,21
6922,MISS PILBOW,463,,
6923,NIGHT SUPERVISOR,463,,
6924,NURSE ITSU,463,,
6925,NURSE PILBOW,463,,
6926,PATIENTS,463,,
6927,ROSE,463,F,20
6928,SCANLON,463,,
6929,SEFELT,463,,
6930,SPIVEY,463,M,3
6931,TABER,463,M,17
6932,TURKLE,463,M,5
6933,WASHINGTON,463,,
6949,BARNEY,465,,
6950,BIG MAC,465,,
6951,CHARLEY,465,M,4
6952,COUNSEL,465,,
6953,EDIE,465,F,16
6954,FATHER BARRY,465,M,2
6955,GLOVER,465,M,6
6956,J.P.,465,,
6957,JACKIE,465,,
6958,JIMMY,465,,
6959,JOCKO,465,,
6960,JOEY,465,,
6961,JOHNNY,465,M,3
6962,MRS. COLLINS,465,,
6963,MUTT,465,,
6964,NOLAN,465,,
6965,POP,465,,
6966,SKINS,465,,
6967,TERRY,465,M,1
6974,ADELE,467,F,10
6975,BUDDY,467,M,11
6976,BURDON,467,M,20
6977,CHINO,467,,
6978,CHINO'S VOICE,467,,
6979,CRUZ,467,M,27
6980,FOLEY,467,M,1
6981,GLENN,467,M,15
6982,HEJIRA,467,M,1000
6983,KAREN,467,F,13
6984,KENNETH,467,,
6985,MAID,467,,
6986,MARSHALL,467,M,6
6987,MAURICE,467,M,16
6988,MOSELLE,467,,
6989,PUP,467,,
6990,RAY,467,,
6991,RIPLEY,467,M,18
6992,WHITE BOY BOB,467,,
6993,ANTHONY,468,,
6994,BARBARA,468,,
6995,BETTY,468,,
6996,BILLY,468,,
6997,BRITISH AIR COMMANDER,468,,
6998,COLONEL,468,,
6999,COMA,468,,
7000,DANNY,468,M,2
7001,DOOLITTLE,468,,
7002,DORIE,468,,
7003,EARL,468,,
7004,EVELYN,468,F,3
7005,GENDA,468,,
7006,GENERAL MARSHALL,468,,
7007,IAN,468,,
7008,MECHANIC,468,,
7009,NISHIKURA,468,,
7010,RAFE,468,M,1
7011,RED,468,,
7012,ROOSEVELT,468,,
7013,YAMAMOTO,468,,
7037,ANDREW,471,M,1
7038,ANTHEA,471,,
7039,BELINDA,471,F,62
7040,DR. ARMBRUSTER,471,,
7041,INTERN,471,,
7042,JOE,471,M,2
7043,JUDGE GARNETT,471,,
7044,KENTON,471,,
7045,LAIRD,471,,
7046,LISA,471,M,20
7047,MIGUEL,471,M,21
7048,MRS. FINLEY,471,,
7049,RACHEL,471,,
7050,SARAH,471,,
7051,SEIDMAN,471,,
7052,WHEELER,471,,
7053,YOUNG MAN,471,,
7054,AUDREY,472,,
7055,FRY,472,F,2
7056,IMAM,472,,
7057,JOHNS,472,M,3
7058,OWENS,472,,
7059,PARIS,472,,
7060,RIDDICK,472,M,1
7061,SHAZZA,472,,
7062,ZEKE,472,,
7063,CORNELIUS,473,M,1000
7064,DODGE,473,,
7065,GALEN,473,,
7066,HONORIUS,473,,
7067,JULIUS,473,,
7068,LANDON,473,,
7069,LUCIUS,473,,
7070,MAXIMUS,473,,
7071,PRESIDENT,473,,
7072,TAYLOR,473,M,
7073,ZAIUS,473,M,1000
7074,ZIRA,473,,
7075,BARNES,474,,
7076,BIG HAROLD,474,,
7077,BUNNY,474,,
7078,CHRIS,474,M,16
7079,CRAWFORD,474,,
7080,ELIAS,474,,
7081,FRANCIS,474,,
7082,JUNIOR,474,,
7083,KING,474,M,1
7084,LERNER,474,,
7085,O'NEILL,474,,
7086,RHAH,474,,
7087,WOLFE,474,,
7118,BODHI,477,M,1
7119,FIBERGLASS,477,,
7120,HARP,477,,
7121,PAPPAS,477,M,3
7122,TYLER,477,F,4
7123,UTAH,477,M,2
7124,WOMAN,477,,
7125,BILLY,478,,
7126,DILLON,478,M,2
7127,MAC,478,,
7128,PHILIPS,478,,
7129,RAMIREZ,478,,
7130,SCHAEFER,478,,
7131,BRIDGET,479,,
7132,DAVID,479,,
7133,EDWARD,479,M,1
7134,JAKE,479,,
7135,KIT,479,F,5
7136,KROSS,479,,
7137,LANDLORD,479,,
7138,MAID,479,,
7139,MR. THOMAS,479,M,
7140,SALESWOMAN,479,,
7141,STUCKEY,479,M,4
7142,VIVIAN,479,F,2
7143,ALBINO,480,,
7144,BUTTERCUP,480,F,8
7145,FEZZIK,480,M,6
7146,GRANDFATHER,480,M,9
7147,HUMPERDINCK,480,,
7148,INIGO,480,M,2
7149,MAN IN BLACK,480,M,
7150,MIRACLE MAX,480,,
7151,MOTHER,480,,
7152,RUGEN,480,,
7153,THE KID,480,,
7154,VALERIE,480,,
7155,VIZZINI,480,M,5
7156,WESTLEY,480,M,1
7157,YELLIN,480,,
7169,ARBOGAST,482,M,5
7170,CAR DEALER,482,,
7171,CAROLINE,482,,
7172,CAROLINE'S VOICE,482,,
7173,LILA,482,F,2
7174,LOWERY'S VOICE,482,,
7175,MARY,482,F,
7176,MRS. CHAMBERS,482,,
7177,NORMAN,482,M,1
7178,NORMAN'S VOICE,482,,
7179,PATROLMAN,482,,
7180,SAM,482,M,3
7181,SHERIFF,482,,
7182,WOMAN'S VOICE,482,,
7241,ACKBAR,489,,
7242,BEN,489,,
7243,BOUSHH,489,,
7244,EMPEROR,489,,
7245,HAN,489,M,2
7246,JERJERROD,489,,
7247,LANDO,489,,
7248,LEIA,489,,
7249,LUKE,489,M,1
7250,NINEDENINE,489,,
7251,THREEPIO,489,,
7252,VADER,489,,
7253,WEDGE,489,,
7254,YODA,489,,
7255,BRAD,490,M,3
7256,DR SCOTT,490,,
7257,FAMILY,490,,
7258,FRANK,490,M,1
7259,GUESTS,490,,
7260,JANET,490,F,2
7261,MAGENTA,490,,
7262,RIFF RAFF,490,,
7263,ROCKY,490,,
7264,ADRIAN,491,F,2
7265,APOLLO,491,M,4
7266,BODYGUARD,491,,
7267,CHIPPED TOOTH,491,,
7268,CLEANER,491,,
7269,COMMENTATOR,491,,
7270,COMMENTATOR #1,491,,
7271,COMMENTATOR #2,491,,
7272,DIPPER,491,,
7273,FATS,491,,
7274,GAZZO,491,M,7
7275,JERGENS,491,,
7276,MARIE,491,F,12
7277,MICKEY,491,M,5
7278,MIKE,491,,
7279,OWNER,491,,
7280,PAULIE,491,M,3
7281,REPORTER,491,,
7282,REPORTER #2,491,,
7283,ROCKY,491,M,1
7284,TRAINER,491,M,22
7285,BABY HERMAN,492,,
7286,BETTY BOOP,492,,
7287,DIRECTOR,492,,
7288,DOLORES,492,F,3
7289,DOOM,492,M,2
7290,EARL,492,,
7291,JESSICA RABBIT,492,F,47
7292,LT. SANTINO,492,,
7293,MAROON,492,M,6
7294,ROGER RABBIT,492,M,4
7295,VALIANT,492,M,1
7310,DAPPER GENT,494,,
7311,DEIRDRE,494,F,3
7312,EDVARD,494,,
7313,FRANCOIS,494,,
7314,GREGOR,494,,
7315,JEAN-PIERRE,494,,
7316,LARRY,494,,
7317,MIKHI,494,,
7318,PHONE VOICE,494,,
7319,SAM,494,M,1
7320,SEAMUS,494,M,9
7321,SWEDE,494,,
7322,TONY,494,,
7323,VINCENT,494,M,2
7336,CAPTAIN DIEL,496,,
7337,CARTER,496,M,2
7338,CRAPS DEALER,496,,
7339,DOORMAN #1,496,,
7340,HOSTESS,496,,
7341,ISABELLA,496,F,5
7342,KENNY,496,,
7343,LEE,496,M,1
7344,MASTER FU,496,,
7345,RICKY TAN,496,,
7346,SPECIAL AGENT STERLING,496,,
7347,STEVEN REIGN,496,,
7348,SUPERINDENDENT CHIN,496,,
7349,CARTER,497,M,8
7350,DIEL,497,,
7351,HAN,497,,
7352,JOHNSON,497,F,18
7353,LAFONTAINE,497,,
7354,LEE,497,M,2
7355,MAN'S VOICE,497,,
7356,RUSS,497,M,17
7357,SANG'S VOICE,497,,
7358,SOON YOUNG,497,,
7359,WHITNEY,497,,
7372,ANNIE,499,F,7
7373,BARBARA,499,F,9
7374,BECKY,499,F,19
7375,BOB,499,,
7376,DET. WHEEDLE,499,,
7377,DR. MARCIA FIELDSTONE,499,F,16
7378,GREG,499,,
7379,JAY,499,,
7380,JESSICA,499,,
7381,JONAH,499,M,2
7382,LAURIE,499,,
7383,LULU,499,,
7384,SAM,499,M,1
7385,SETH,499,,
7386,SUZY,499,,
7387,TOM,499,,
7388,VICTORIA,499,,
7389,WALTER,499,M,8
7390,WHEEDLE,499,,
7421,COLONEL ANDERSON,502,,
7422,JACKSON,502,M,4
7423,MILLER,502,M,1
7424,REIBEN,502,M,3
7425,RYAN,502,,
7426,SARGE,502,M,
7427,SUPPLY SERGEANT,502,,
7428,UPHAM,502,M,8
7429,WADE,502,,
7450,BRINNLITZ GUY 2,504,,
7451,CLERK,504,,
7452,EMILIE,504,,
7453,GESTAPO,504,,
7454,GOETH,504,M,3
7455,GOLDBERG,504,,
7456,LOWENSTEIN,504,,
7457,PFEFFERBERG,504,,
7458,RASCH,504,,
7459,SCHERNER,504,,
7460,SCHINDLER,504,M,1
7461,STERN,504,M,2
7462,TOFFEL,504,,
7463,CAPTAIN TYLER,505,,
7464,CICI,505,,
7465,COTTON,505,,
7466,DAWNIE,505,,
7467,DEBBIE SALT,505,F,29
7468,DEREK,505,M,26
7469,DEWEY,505,M,35
7470,GALE,505,F,27
7471,GIRL ON PHONE,505,,
7472,HALLIE,505,F,11
7473,IN THE THEATER,505,,
7474,JOEL,505,,
7475,LOIS,505,,
7476,MAN'S VOICE,505,,
7477,MAUREEN,505,,
7478,MICKEY,505,,
7479,MURPHY,505,,
7480,ON SCREEN,505,,
7481,PHIL,505,,
7482,RANDY,505,,
7483,SHERIFF,505,,
7484,SIDNEY,505,F,10
7485,VOICE,505,,
7486,ANGELINA,506,,
7487,BEN,506,,
7488,BIANCA,506,,
7489,CHRISTINE,506,,
7490,DETECTIVE KINCAID,506,,
7491,DEWEY,506,M,23
7492,GALE,506,F,6
7493,JENNIFER,506,F,21
7494,MILTON,506,,
7495,ROMAN,506,,
7496,SARAH,506,,
7497,SIDNEY,506,F,5
7498,TOM,506,,
7499,TYSON,506,,
7500,VOICE,506,M,3
7501,WOMAN,506,,
7502,BILLY,507,M,7
7503,CASEY,507,F,1
7504,DEWEY,507,M,13
7505,FATHER,507,,
7506,GALE,507,F,9
7507,GIRL #1,507,,
7508,GIRL #2,507,,
7509,KENNY,507,,
7510,MAN,507,M,
7511,MOTHER,507,,
7512,MR. PRESCOTT,507,,
7513,RANDY,507,M,16
7514,SHERIFF BURKE,507,M,14
7515,SIDNEY,507,F,6
7516,STU,507,M,15
7517,TATUM,507,F,11
7527,AARON,509,,
7528,BEN,509,,
7529,BRAD,509,,
7530,CHARLIE,509,,
7531,CLAYTON,509,M,4
7532,DEBBIE,509,,
7533,ETHAN,509,M,1
7534,FUTTERMAN,509,,
7535,GENERAL,509,,
7536,GREENHILL,509,,
7537,JORGENSEN,509,,
7538,KEEFER,509,,
7539,LAURIE,509,F,3
7540,LIEUTENANT,509,,
7541,MARTHA,509,,
7542,MARTIN,509,M,2
7543,MOSE,509,,
7544,MRS. JORGENSEN,509,,
7545,OFFICER,509,,
7552,ALLEYN,511,,
7553,BOATMAN,511,,
7554,BURBAGE,511,,
7555,DR. MOTH,511,,
7556,FENNYMAN,511,M,2
7557,HENSLOWE,511,M,1
7558,MARLOWE,511,,
7559,NOL AS BENVOLIO,511,,
7560,NURSE,511,,
7561,QUEEN,511,,
7562,RALPH AS NURSE,511,,
7563,ROSALINE,511,,
7564,SAM,511,,
7565,SAM AS JULIET,511,,
7566,SIR ROBERT,511,,
7567,TILNEY,511,,
7568,URCHIN,511,,
7569,VIOLA,511,F,16
7570,VIOLA AS ROMEO,511,,
7571,VIOLA AS THOMAS,511,,
7572,WESSEX,511,M,18
7573,WILL,511,M,5
7608,DANNY,514,M,3
7609,DOCTOR,514,,
7610,DOROTHY,514,,
7611,GRADY,514,M,7
7612,HALLORAN,514,,
7613,HERMIE,514,,
7614,JACK,514,M,1
7615,LLOYD,514,,
7616,RANGER,514,,
7617,ULLMAN,514,M,5
7618,WATSON,514,,
7619,WENDY,514,F,2
7643,BALTUS,517,,
7644,BROM,517,,
7645,DOCTOR LANCASTER,517,M,8
7646,FATHER STEENWYCK,517,M,
7647,HARDENBROOK,517,,
7648,HIGH CONSTABLE,517,,
7649,ICHABOD,517,M,1
7650,KATRINA,517,F,2
7651,KILLIAN,517,,
7652,LADY VAN TASSEL,517,,
7653,OLD CRONE,517,,
7654,PHILIPSE,517,,
7655,THIRD MAN,517,,
7656,VAN RIPPER,517,,
7657,YOUNG ICHABOD,517,,
7658,YOUNG MASBATH,517,M,11
7659,BILL,518,M,9
7660,BOY,518,,
7661,CHARLES,518,,
7662,DOYLE,518,M,2
7663,FRANK,518,M,5
7664,FREDDY,518,,
7665,KAREN,518,,
7666,KARL,518,M,1
7667,LINDA,518,F,6
7668,MARSHA,518,F,12
7669,MELINDA,518,,
7670,OLD MAN,518,,
7671,SCOOTER,518,,
7672,THERESA,518,,
7673,VAUGHAN,518,M,4
7674,WOOLRIDGE,518,M,7
7708,BELLHOP,522,,
7709,BIENSTOCK,522,,
7710,DOLORES,522,,
7711,FIRST HENCHMAN,522,,
7712,JERRY,522,M,3
7713,JOE,522,M,2
7714,MOZARELLA,522,,
7715,MULLIGAN,522,M,5
7716,NELLIE,522,,
7717,OSGOOD,522,M,6
7718,PARADISE,522,,
7719,POLIAKOFF,522,,
7720,SPATS,522,M,4
7721,SUE,522,,
7722,SUGAR,522,F,1
7723,TOOTHPICK CHARLIE,522,,
7724,WAITER,522,,
7752,BIG THING,525,,
7753,CANADIAN MINISTER OF MOVIES,525,,
7754,CARTMAN,525,M,1
7755,CARTMAN'S MOTHER,525,,
7756,CHEF,525,,
7757,DOCTOR PANGLOSS,525,,
7758,GREGORY,525,,
7759,IKE,525,,
7760,KENNY,525,,
7761,KYLE,525,M,2
7762,KYLE'S MOTHER,525,,
7763,MR. GARRISON,525,,
7764,MR. MACKEY,525,,
7765,PHILLIP,525,M,1
7766,PRESIDENT,525,,
7767,PRINCIPAL VICTORIA,525,,
7768,SADDAM HUSSEIN,525,M,2
7769,SATAN,525,M,1
7770,STAN,525,M,1
7771,STAN'S MOTHER,525,,
7772,TERRANCE,525,M,2
7773,THE MOLE,525,,
7774,VOICE,525,,
7775,WENDY,525,,
7804,ARTHUR,528,,
7805,BARNES,528,M,4
7806,BETH,528,F,2
7807,EDMUNDS,528,,
7808,FLETCHER,528,,
7809,HARRY,528,M,3
7810,NAVY SEAMAN,528,,
7811,NORMAN,528,M,1
7812,OFFICER,528,,
7813,PILOT,528,,
7814,TED,528,M,5
7815,WIFE,528,,
7816,BEN,529,M,5
7817,BIGGS,529,,
7818,BLUE LEADER,529,,
7819,COMMANDER,529,,
7820,CONTROLLER,529,,
7821,HAN,529,M,2
7822,INTERCOM VOICE,529,,
7823,LEIA,529,,
7824,LUKE,529,M,1
7825,OWEN,529,,
7826,THREEPIO,529,,
7827,VADER,529,,
7828,ACE,530,M,4
7829,C.O.,530,,
7830,CARL,530,M,5
7831,CARMEN,530,F,3
7832,DELADIER,530,,
7833,DIZZY,530,F,2
7834,FATHER,530,,
7835,GILLESPIE,530,,
7836,INTELLIGENCE OFFICER,530,,
7837,JOHNNY,530,M,1
7838,MOTHER,530,,
7839,PSYCH OFFICER,530,,
7840,RASCZAK,530,M,9
7841,RODGER YOUNG,530,,
7842,SUGAR WATKINS,530,,
7843,ZANDER,530,M,8
7844,ZIM,530,,
7913,AMBASSADOR DE SADE,536,,
7914,"COLONEL ""BAT"" GUANO",536,,
7915,COLONEL GUANO,536,,
7916,COLONEL PUNTRICH,536,,
7917,"GENERAL ""BUCK"" SCHMUCK",536,,
7918,GENERAL FACEMAN,536,,
7919,GENERAL JACK D. RIPPER,536,M,
7920,GENERAL RIPPER,536,M,
7921,GENERAL SCHMUCK,536,M,
7922,LT. BALLMUFF,536,,
7923,LT. QUIFFER,536,,
7924,LT. TOEJAM,536,,
7925,LT. ZOGG,536,M,
7926,MAJOR KONG,536,M,
7927,MAJOR MANDRAKE,536,M,
7928,PRESIDENT MUFFLEY,536,M,
7929,SWITCHBOARD OPERATOR,536,,
7930,VON KLUTZ,536,,
7954,1ST ASSISTANT,539,,
7955,ARTIE,539,M,7
7956,BETTY,539,F,4
7957,DE MILLE,539,,
7958,DEMILLE,539,,
7959,GILLIS,539,M,1
7960,HEAD OF HOMICIDE,539,,
7961,HOLMBY HILLS CAPTAIN,539,,
7962,MAX,539,M,3
7963,MORINO,539,,
7964,NO. 1,539,,
7965,NORMA,539,F,2
7966,SHELDRAKE,539,,
8025,ALBERT,544,,
8026,CLARK,544,M,3
8027,EVE,544,F,10
8028,FIRST ELDER,544,,
8029,JIMMY,544,,
8030,JONATHAN,544,,
8031,JOR-EL,544,,
8032,LARA,544,,
8033,LOIS,544,F,8
8034,LUTHOR,544,M,2
8035,MARTHA,544,,
8036,OTIS,544,M,4
8037,PERRY,544,,
8038,SUPERMAN,544,M,3
8071,DYSON,547,,
8072,JOHN,547,M,3
8073,REESE,547,,
8074,SARAH,547,F,2
8075,SILBERMAN,547,,
8076,TARISSA,547,,
8077,TERMINATOR,547,M,1
8078,TIM,547,,
8079,VIDEO SARAH,547,,
8080,VIDEO SILBERMAN,547,,
8091,BREEN,549,,
8092,CLERK,549,,
8093,GINGER,549,,
8094,MR. MILLER,549,,
8095,REESE,549,M,2
8096,SARAH,549,F,3
8097,SILBERMAN,549,,
8098,TERMINATOR,549,,
8099,TRAXLER,549,,
8100,VUKOVICH,549,,
8101,ALAN BAER,550,,
8102,BUSINESSMAN 2,550,,
8103,CHRISTINE,550,F,3
8104,CONRAD,550,M,2
8105,COUNSELOR,550,,
8106,ELIZABETH,550,,
8107,FEINGOLD,550,M,4
8108,GIRL,550,,
8109,HOTEL MANAGER,550,,
8110,ILSA,550,F,6
8111,MAITRE D',550,,
8112,MANAGER,550,,
8113,MARIA,550,,
8114,NICHOLAS,550,M,1
8115,PLUMP GUY,550,,
8116,SUTHERLAND,550,,
8117,LUKE,551,,
8118,MALCOLM,551,,
8119,MARROW,551,M,1
8120,MARY,551,,
8121,MR. DUDLEY,551,,
8122,MRS. DUDLEY,551,,
8123,NELL,551,F,4
8124,THEO,551,F,2
8125,TODD,551,,
8143,ANN,553,,
8144,BIRDY,553,F,7
8145,CARCANOGUES,553,,
8146,CREIGHTON,553,M,6
8147,DAVE,553,M,4
8148,DIEDRICKSON,553,,
8149,DORIS,553,F,2
8150,ED,553,M,1
8151,FRANK,553,M,3
8152,KREBS,553,,
8153,MAN,553,,
8154,PERSKY,553,,
8155,RIEDENSCHNEIDER,553,M,9
8156,WALTER,553,,
8157,YOUNG MAN,553,,
8158,YOUNG WOMAN,553,,
8172,AGENT,555,,
8173,CHRISTOF,555,M,43
8174,DAUGHTER,555,,
8175,GUARD 1,555,,
8176,GUARD 2,555,,
8177,INTERVIEWER,555,M,
8178,LAUREN,555,,
8179,MARLON,555,M,3
8180,MERYL,555,F,2
8181,MOTHER,555,,
8182,NURSE,555,,
8183,OFFICER,555,,
8184,SIMEON,555,,
8185,SYLVIA,555,,
8186,TRUMAN,555,M,1
8187,TYRONE,555,,
8188,2ND BOY,556,,
8189,BARMAID,556,,
8190,BYERS,556,,
8191,CASSIDY,556,,
8192,CIGARETTE SMOKING MAN,556,,
8193,DETECTIVE,556,,
8194,DR. BRONSCHWEIG,556,,
8195,FIELD AGENT,556,,
8196,KURTZWEIL,556,M,5
8197,MULDER,556,M,1
8198,SCULLY,556,F,2
8199,SKINNER,556,,
8200,STRUGHOLD,556,,
8201,WELL-MANICURED MAN,556,M,3
8202,YOUNG NAVAL GUARD,556,,
8203,CATHERINE,557,F,1
8204,COLE,557,,
8205,EDWARD,557,,
8206,HENRY,557,,
8207,MIRIAM,557,F,4
8208,NOVAK,557,M,10
8209,RAMSEY,557,,
8210,TEDDY LEE,557,,
8211,ANNA,558,F,2
8212,BARON,558,,
8213,CALLOWAY,558,M,4
8214,CLERK,558,,
8215,CRABBIN,558,M,10
8216,HARRY,558,M,3
8217,KURTZ,558,,
8218,MARTINS,558,M,1
8219,PAINE,558,,
8220,POPESCU,558,,
8221,PORTER,558,M,6
8222,RUSSIAN,558,,
8223,U.S.M.P.,558,,
8224,WINKEL,558,,
8225,WOMAN,558,,
8226,DAFFY,559,M,6
8227,DETECTIVE,559,,
8228,ETIENNE,559,,
8229,FRANCOISE,559,,
8230,RICHARD,559,M,1
8231,SAMMY,559,,
8339,BENEK,566,,
8340,DOROTA,566,,
8341,FATHER,566,,
8342,GEBCZYNSKI,566,,
8343,HALINA,566,,
8344,HELLER,566,,
8345,HENRYK,566,M,4
8346,JANINA,566,,
8347,JEHUDA,566,,
8348,JUREK,566,,
8349,KITTEN'S VOICE,566,,
8350,MAJOREK,566,,
8351,MICHAL,566,,
8352,MOTHER,566,,
8353,PUPPYDOG'S VOICE,566,,
8354,SZALAS,566,,
8355,SZPILMAN,566,M,1
8356,THE GERMAN CAPTAIN,566,,
8363,BILLIE,568,,
8364,BLACK MAN,568,M,
8365,BOUDREAU,568,,
8366,COLEMAN,568,M,12
8367,COMBS,568,,
8368,DUFF,568,,
8369,EIRIE KID,568,,
8370,FLOYD,568,M,14
8371,GARFIELD,568,,
8372,GONDORFF,568,M,1
8373,GRANGER,568,,
8374,GUNMAN,568,,
8375,HOOKER,568,M,2
8376,JIMMY,568,,
8377,LONNEGAN,568,M,3
8378,LORETTA,568,F,11
8379,MAN,568,,
8380,NILES,568,,
8381,OLD MAN,568,,
8382,POLK,568,,
8383,RILEY,568,,
8384,SINGLETON,568,,
8385,SNYDER,568,,
8386,STRANGER,568,,
8387,TWIST,568,,
8407,DRIVER,570,,
8408,EPPS,570,M,
8409,JAEGER,570,M,
8410,WES,570,F,19
8411,WOODS,570,,
8446,ANDREWS,574,,
8447,BODINE,574,,
8448,BROCK,574,,
8449,BUELL,574,,
8450,CAL,574,M,3
8451,FABRIZIO,574,,
8452,FLEET,574,,
8453,HITCHINS,574,,
8454,ISMAY,574,,
8455,JACK,574,M,1
8456,LEE,574,,
8457,LIGHTOLLER,574,,
8458,LIZZY,574,,
8459,LOVEJOY,574,,
8460,LOVETT,574,,
8461,MOLLY,574,,
8462,ROSE,574,F,2
8463,RUTH,574,,
8464,SMITH,574,,
8479,BAILEY,576,,
8480,BEHAN,576,,
8481,BILLY,576,,
8482,CURLY BILL,576,,
8483,DAKE,576,,
8484,DOC,576,M,2
8485,HIGH ROLLER,576,,
8486,JOHNSON,576,,
8487,JOSEPHINE,576,F,12
8488,JOYCE,576,,
8489,KATE,576,,
8490,MATTIE,576,F,15
8491,MCMASTERS,576,,
8492,MORGAN,576,M,4
8493,RINGO,576,,
8494,TYLER,576,,
8495,VERMILLION,576,,
8496,VIRGIL,576,M,3
8497,WHITE,576,,
8498,WYATT,576,M,1
8499,ADMIRAL ROEBUCK,577,,
8500,BOND,577,M,1
8501,CAPTAIN CHEONG,577,,
8502,CAPTAIN MORTON,577,,
8503,DOMINIQUE,577,,
8504,EXECUTIVE SECRETARY,577,,
8505,FIRST OFFICER,577,,
8506,HARMSWAY,577,M,
8507,HELMSMAN,577,,
8508,JENNY WU,577,,
8509,M,577,,
8510,MINISTER JOHNSTONE,577,,
8511,MONEYPENNY,577,,
8512,NUMBER THREE,577,,
8513,PARIS,577,,
8514,Q,577,,
8515,SAUNDERS,577,,
8516,SIDNEY,577,M,
8517,STAMPER,577,,
8518,TANNER,577,,
8519,WADE,577,M,7
8520,YUNG,577,,
8534,ANDY,579,M,8
8535,BO PEEP,579,,
8536,BUZZ,579,M,2
8537,HAMM,579,,
8538,HANNAH,579,,
8539,MR. POTATO HEAD,579,,
8540,MRS. DAVIS,579,F,
8541,REX,579,,
8542,SARGENT,579,,
8543,SID,579,,
8544,SLINKY,579,,
8545,WOODY,579,M,1
8550,A.D.A. KELLY,581,,
8551,ANNA,581,,
8552,ARNIE,581,M,71
8553,BARBARA,581,F,70
8554,CARL,581,,
8555,CARLOS,581,,
8556,CAROLINE,581,,
8557,CASTRO,581,M,18
8558,CLERK,581,,
8559,DAVID,581,,
8560,FRANCISCO,581,,
8561,GORDON,581,M,19
8562,GUARD,581,,
8563,HELENA,581,F,45
8564,JAVIER,581,,
8565,JOHNSON,581,,
8566,MANOLO,581,,
8567,MARQUEZ,581,,
8568,MICHAEL,581,,
8569,OFFICIAL,581,,
8570,ROBERT,581,M,9
8571,RUIZ,581,,
8572,SALAZAR,581,,
8573,SETH,581,,
8574,SHERIDAN,581,,
8575,SKETCH,581,,
8576,SOCIAL WORKER,581,,
8577,SPECIAL-AGENT-IN-CHARGE,581,,
8578,VANESSA,581,,
8579,BEGBIE,582,,
8580,DIANE,582,F,6
8581,GAIL,582,,
8582,GAV,582,,
8583,LIZZY,582,,
8584,MAN,582,,
8585,MAN 1,582,,
8586,MOTHER,582,,
8587,RENTON,582,M,1
8588,SICK BOY,582,M,3
8589,SPUD,582,M,2
8590,SWANNEY,582,M,7
8591,TOMMY,582,M,4
8592,WOMAN,582,,
8619,ALLISON,585,,
8620,DANA,585,,
8621,FAISIL,585,,
8622,GIB,585,M,3
8623,HARRY,585,M,1
8624,HELEN,585,F,2
8625,JANICE,585,,
8626,JUNO,585,,
8627,MALIK,585,,
8628,SIMON,585,M,4
8629,TRILBY,585,,
8630,VOICE,585,,
8631,ALABAMA,586,F,2
8632,BIG D,586,,
8633,CLARENCE,586,M,1
8634,CLIFF,586,M,3
8635,COCCOTTI,586,,
8636,CUSTOMER,586,,
8637,DICK,586,M,6
8638,DIMES,586,M,17
8639,DREXL,586,,
8640,ELLIOT,586,M,8
8641,ELVIS,586,M,1000
8642,FLOYD,586,,
8643,KANDI,586,,
8644,KRINKLE,586,,
8645,LEE,586,M,11
8646,LENNY,586,,
8647,LUCY,586,,
8648,MARTY,586,,
8649,MARVIN,586,,
8650,NICHOLSON,586,M,18
8651,RAVENCROFT,586,,
8652,VIRGIL,586,,
8653,WILSON,586,,
8654,ASTROPHYSICIST,587,,
8655,BEN,587,,
8656,BOTANIST,587,,
8657,COLE,587,M,1
8658,DR. FLETCHER,587,,
8659,DR. MASON,587,,
8660,ENGINEER,587,,
8661,FALE,587,,
8662,FRANKI,587,,
8663,JEFFREY,587,M,18
8664,JOSE,587,,
8665,MICROBIOLOGIST,587,,
8666,RAILLY,587,F,13
8667,WOMAN CABBIE,587,,
8695,ANCIENT SECRETARY,590,,
8696,BUSINESS MAN,590,,
8697,DAVID,590,M,1
8698,ELIJAH,590,M,2
8699,ELIJAH'S MOTHER,590,,
8700,JEREMY,590,M,
8701,MAN IN SCRUBS,590,,
8702,MEGAN,590,F,
8703,WALKIE,590,,
8704,WOMAN,590,,
8705,ALICE,591,,
8706,BARBER,591,,
8707,CHARLEY,591,,
8708,CLYDE,591,,
8709,DELILAH,591,F,8
8710,ENGLISH BOB,591,,
8711,FUZZY,591,,
8712,LITTLE BILL,591,M,2
8713,LITTLE SUE,591,F,12
8714,MUNNY,591,M,1
8715,NED,591,M,3
8716,SKINNY,591,M,11
8717,THE KID,591,M,
8718,WILL,591,M,1
8719,WW,591,F,
8720,BAER,592,,
8721,BODI,592,,
8722,EDIE,592,,
8723,FENSTER,592,,
8724,HOCKNEY,592,,
8725,KEATON,592,M,2
8726,KOBAYASHI,592,,
8727,KOVASH,592,,
8728,KUJAN,592,M,6
8729,RAB IN,592,,
8730,RABIN,592,,
8731,REDFOOT,592,,
8732,VERBAL,592,M,5
8733,VOICE,592,,
8734,VOICE #1,592,,
8735,VOICE #2,592,,
8758,DOCTOR,594,,
8759,ELSTER,594,F,2
8760,ELSTER'S VOICE,594,,
8761,JUDY,594,F,2
8762,MADELEINE,594,F,2
8763,MANAGERESS,594,,
8764,MIDGE,594,F,3
8765,POP LEIBEL,594,,
8766,SALESWOMAN,594,,
8767,SCOTTIE,594,M,1
8807,AIDE,598,,
8808,AMES,598,F,3
8809,ANGLE,598,,
8810,BREAN,598,M,2
8811,CAIN,598,,
8812,ENGINEER,598,,
8813,FAD KING,598,,
8814,GRACE,598,,
8815,JOHNNY GREEN,598,,
8816,JOYCE,598,,
8817,LEVY,598,,
8818,LIZ,598,,
8819,MOSS,598,M,
8820,MR. YOUNG,598,,
8821,OWNER,598,,
8822,PILOT,598,,
8823,PRESIDENT,598,,
8824,SCHUMANN,598,,
8825,SECOND MEDIA GUY,598,,
8826,TECHNICIAN,598,,
8827,TRUDY,598,,
8828,ALEX,599,,
8829,BLONDE,599,,
8830,BUD,599,M,1
8831,CARL,599,M,13
8832,CAROLYN,599,,
8833,CHARLIE,599,,
8834,DARIEN,599,F,38
8835,DIXON,599,,
8836,GEKKO,599,M,9
8837,LISA,599,,
8838,LYNCH,599,,
8839,MANNHEIM,599,,
8840,MARV,599,M,5
8841,NATALIE,599,,
8842,OLLIE,599,,
8843,ROGER,599,F,35
8844,WILDMAN,599,,
8845,WILMORE,599,,
8858,CAITLIN,601,F,2
8859,CLAIRE,601,F,1
8860,DR. DRAYTON,601,M,16
8861,ELENA,601,,
8862,JODY,601,F,7
8863,MR. FEUR,601,,
8864,MRS. FEUR,601,F,
8865,MRS. FRANK,601,,
8866,MRS. TEMPLETON,601,,
8867,NORMAN,601,M,5
8868,MORGAN,602,,
8869,NICK,602,,
8906,ART,606,,
8907,BARBARA,606,,
8908,DAVE,606,,
8909,GLORIA,606,F,6
8910,HUNTER,606,,
8911,JIMMY,606,,
8912,KELLY,606,F,5
8913,KEN,606,,
8914,RAY,606,M,1
8915,RUBY,606,,
8916,SAM,606,M,2
8917,SANDRA,606,,
8918,SUZIE,606,F,3
8919,ARTEMUS,607,M,2
8920,CASSANDRA,607,F,
8921,DOYLE,607,,
8922,GRANT,607,,
8923,JIM,607,M,
8924,MIGUELITO,607,M,
8925,PEMBERTON,607,,
8926,RICHARDS,607,,
8927,WALTERS,607,,
8928,AIRK,608,,
8929,CHERLINDREA,608,,
8930,HIGH ALDWIN,608,,
8931,MADMARTIGAN,608,M,1
8932,RANON,608,,
8933,RAZIEL,608,F,5
8934,ROOL,608,,
8935,SORSHA,608,,
8936,TEEMO,608,,
8937,WILLOW,608,M,3
8938,BOOK,609,M,1
8939,CARTER,609,,
8940,ELAINE,609,,
8941,ELI,609,M,5
8942,HOCHSTETLER,609,,
8943,LOCAL MAN,609,,
8944,MCELROY,609,,
8945,RACHEL,609,F,2
8946,SAMUEL,609,M,4
8947,SCHAEFFER,609,M,3
8948,AUNT EM,610,,
8949,BARRISTER,610,,
8950,DOROTHY,610,F,1
8951,GLINDA,610,F,6
8952,HICKORY,610,,
8953,HUNK,610,,
8954,LION,610,M,4
8955,MAYOR,610,,
8956,MISS GULCH,610,,
8957,OZ'S VOICE,610,,
8958,PROFESSOR,610,M,2
8959,SCARECROW,610,M,3
8960,TIN MAN,610,M,5
8961,TIN MAN -- SCARECROW AND DOROTHY,610,,
8962,UNCLE HENRY,610,,
8963,WITCH,610,,
8964,WIZARD,610,,
8965,BOND,611,M,1
8966,CHRISTMAS,611,F,4
8967,DOCTOR GREATREX,611,,
8968,ELEKTRA,611,F,2
8969,LACHAISE,611,,
8970,M,611,M,1
8971,RENARD,611,,
8972,TANNER,611,,
8973,WOMAN,611,,
8974,ZUKOVSKY,611,M,5
8975,ADAMSON,612,,
8976,ANALYST,612,,
8977,BURNS,612,,
8978,DR. LONG,612,,
8979,DR. MANHATTAN,612,M,2
8980,DREIBERG,612,M,6
8981,HYDE,612,,
8982,JANEY,612,,
8983,JON,612,,
8984,JUSTINE,612,,
8985,LAURIE,612,F,1
8986,MOLOCH,612,,
8987,PRESIDENT,612,,
8988,RORSCHACH,612,M,4
8989,SCHMIDT,612,,
8990,VEIDT,612,M,3
8991,GIBBONS,613,M,4
8992,JEFE,613,,
8993,KID,613,,
8994,PETRA,613,F,
8995,SAM TANNICK,613,,
8996,SHAVERS,613,,
8997,SKY,613,,
8998,SLOVO,613,,
8999,VIRG,613,,
9000,XANDER,613,M,1
9001,YORGI,613,M,3
9002,BEAST,614,,
9003,CYCLOPS,614,,
9004,JEAN,614,,
9005,KELLY,614,,
9006,LOGAN,614,,
9007,MAGNETO,614,,
9008,SABRETOOTH,614,,
9009,STORM,614,,
9010,XAVIER,614,,
9011,ANASTASIA,615,,
9012,BURGOMEISTER,615,,
9013,CARLSON,615,,
9014,CORNELIUS WALDMAN,615,,
9015,ELIZABETH,615,F,25
9016,FRAU BLUCHER,615,,
9017,FREDDY,615,M,
9018,HERR FALKSTEIN,615,,
9019,IGOR,615,M,3
9020,INGA,615,F,5
9021,MAITRE D',615,,
9022,MEDICAL STUDENT,615,M,9
9023,MONSTER,615,,
9024,OLD VIOLINIST,615,,
